  0
SECTION
  2
HEADER
  9
$ANGBASE
  50
0.0
  9
$ANGDIR
  70
1
  9
$MEASUREMENT
  70
1
  9
$INSUNITS
  70
4
  0
ENDSEC
  0
SECTION
  2
TABLES
  0
TABLE
  2
LTYPE
  70
4
  0
LTYPE
  5
40F
  2
CONTINUOUS
  70
0
  3
Solid line
  72
65
  73
0
  40
0.0
  0
LTYPE
  5
410
  2
DASHDOT
 70
0
  3
Dash Dot ____ _ ____ _
 72
65
 73
4
 40
2.0
 49
1.25
 49
-0.25
 49
0.25
 49
-0.25
  0
LTYPE
  5
411
  2
DASHED
 70
0
  3
Dashed __ __ __ __ __
 72
65
 73
2
 40
0.75
 49
0.5
 49
-0.25
  0
LTYPE
  5
43B
  2
DOTTED
 70
0
  3
Dotted .  .  .  .
 72
65
 73
2
 40
0.2
 49
0.0
 49
-0.2
  0
ENDTAB
  0
TABLE
  2
STYLE
  70
4
  0
STYLE
  2
KICAD
  70
0
  40
0
  41
1
  42
1
  50
0
  71
0
  3
isocp.shx
  0
STYLE
  2
KICADB
  70
0
  40
0
  41
1
  42
1
  50
0
  71
0
  3
isocp.shx
  0
STYLE
  2
KICADI
  70
0
  40
0
  41
1
  42
1
  50
15
  71
0
  3
isocp.shx
  0
STYLE
  2
KICADBI
  70
0
  40
0
  41
1
  42
1
  50
15
  71
0
  3
isocp.shx
  0
ENDTAB
  0
TABLE
  2
LAYER
  70
4
  0
LAYER
  2
F.Cu
  70
0
  62
13
  420
13120564
  6
CONTINUOUS
  0
LAYER
  2
B.Cu
  70
0
  62
153
  420
5078980
  6
CONTINUOUS
  0
LAYER
  2
F.Paste
  70
0
  62
253
  420
11837594
  6
CONTINUOUS
  0
LAYER
  2
Edge.Cuts
  70
0
  62
254
  420
13685453
  6
CONTINUOUS
  0
ENDTAB
  0
ENDSEC
  0
SECTION
  2
ENTITIES
0
LINE
8
F.Cu
6
CONTINUOUS
10
107.2398129999999981
20
-81.2733879999999971
11
107.2811979999999892
21
-81.3147730000000024
0
LINE
8
F.Cu
6
CONTINUOUS
10
107.2811979999999892
20
-81.3147730000000024
11
107.3035950000000014
21
-81.3688459999999907
0
LINE
8
F.Cu
6
CONTINUOUS
10
107.3035950000000014
20
-81.3688459999999907
11
107.3035950000000014
21
-81.4273719999999912
0
LINE
8
F.Cu
6
CONTINUOUS
10
107.3035950000000014
20
-81.4273719999999912
11
107.2951189999999997
21
-81.4478330000000028
0
LINE
8
F.Cu
6
CONTINUOUS
10
107.2951189999999997
20
-81.4478330000000028
11
107.4463480000000004
21
-81.4982430000000022
0
LINE
8
F.Cu
6
CONTINUOUS
10
107.4463480000000004
20
-81.4982430000000022
11
107.4731979999999965
21
-81.5102309999999903
0
LINE
8
F.Cu
6
CONTINUOUS
10
107.4731979999999965
20
-81.5102309999999903
11
107.4772689999999926
21
-81.5137619999999998
0
LINE
8
F.Cu
6
CONTINUOUS
10
107.4772689999999926
20
-81.5137619999999998
11
107.4822489999999959
21
-81.5158249999999924
0
LINE
8
F.Cu
6
CONTINUOUS
10
107.4822489999999959
20
-81.5158249999999924
11
107.5049799999999891
21
-81.5344800000000021
0
LINE
8
F.Cu
6
CONTINUOUS
10
107.5049799999999891
20
-81.5344800000000021
11
107.626197999999988
21
-81.655698000000001
0
LINE
8
F.Cu
6
CONTINUOUS
10
107.626197999999988
20
-81.655698000000001
11
107.6448529999999977
21
-81.6784289999999942
0
LINE
8
F.Cu
6
CONTINUOUS
10
107.6448529999999977
20
-81.6784289999999942
11
107.6672499999999957
21
-81.7325009999999992
0
LINE
8
F.Cu
6
CONTINUOUS
10
107.6672499999999957
20
-81.7325009999999992
11
107.6672499999999957
21
-81.7910269999999997
0
LINE
8
F.Cu
6
CONTINUOUS
10
107.6672499999999957
20
-81.7910269999999997
11
107.6448529999999977
21
-81.8450989999999905
0
LINE
8
F.Cu
6
CONTINUOUS
10
107.6448529999999977
20
-81.8450989999999905
11
107.6034669999999949
21
-81.8864849999999933
0
LINE
8
F.Cu
6
CONTINUOUS
10
107.6034669999999949
20
-81.8864849999999933
11
107.5493949999999899
21
-81.9088819999999913
0
LINE
8
F.Cu
6
CONTINUOUS
10
107.5493949999999899
20
-81.9088819999999913
11
107.4908689999999893
21
-81.9088819999999913
0
LINE
8
F.Cu
6
CONTINUOUS
10
107.4908689999999893
20
-81.9088819999999913
11
107.4367969999999985
21
-81.8864849999999933
0
LINE
8
F.Cu
6
CONTINUOUS
10
107.4367969999999985
20
-81.8864849999999933
11
107.4140659999999912
21
-81.8678299999999979
0
LINE
8
F.Cu
6
CONTINUOUS
10
107.4140659999999912
20
-81.8678299999999979
11
107.3178860000000014
21
-81.771649999999994
0
LINE
8
F.Cu
6
CONTINUOUS
10
107.3178860000000014
20
-81.771649999999994
11
107.1927439999999905
21
-81.7299369999999925
0
LINE
8
F.Cu
6
CONTINUOUS
10
107.1927439999999905
20
-81.7299369999999925
11
107.1202109999999976
21
-81.7299369999999925
0
LINE
8
F.Cu
6
CONTINUOUS
10
107.1202109999999976
20
-81.7299369999999925
11
106.9950669999999917
21
-81.771649999999994
0
LINE
8
F.Cu
6
CONTINUOUS
10
106.9950669999999917
20
-81.771649999999994
11
106.414014999999992
21
-82.3527029999999911
0
LINE
8
F.Cu
6
CONTINUOUS
10
106.414014999999992
20
-82.3527029999999911
11
106.3912839999999989
21
-82.3713580000000007
0
LINE
8
F.Cu
6
CONTINUOUS
10
106.3912839999999989
20
-82.3713580000000007
11
106.3372119999999938
21
-82.3937549999999987
0
LINE
8
F.Cu
6
CONTINUOUS
10
106.3372119999999938
20
-82.3937549999999987
11
106.2786859999999933
21
-82.3937549999999987
0
LINE
8
F.Cu
6
CONTINUOUS
10
106.2786859999999933
20
-82.3937549999999987
11
106.2246139999999883
21
-82.3713580000000007
0
LINE
8
F.Cu
6
CONTINUOUS
10
106.2246139999999883
20
-82.3713580000000007
11
106.1832279999999997
21
-82.3299719999999979
0
LINE
8
F.Cu
6
CONTINUOUS
10
106.1832279999999997
20
-82.3299719999999979
11
106.1608310000000017
21
-82.2758999999999929
0
LINE
8
F.Cu
6
CONTINUOUS
10
106.1608310000000017
20
-82.2758999999999929
11
106.1608310000000017
21
-82.2173739999999924
0
LINE
8
F.Cu
6
CONTINUOUS
10
106.1608310000000017
20
-82.2173739999999924
11
106.1832279999999997
21
-82.1633020000000016
0
LINE
8
F.Cu
6
CONTINUOUS
10
106.1832279999999997
20
-82.1633020000000016
11
106.2018829999999951
21
-82.1405709999999942
0
LINE
8
F.Cu
6
CONTINUOUS
10
106.2018829999999951
20
-82.1405709999999942
11
107.0504109999999969
21
-81.2920429999999925
0
LINE
8
F.Cu
6
CONTINUOUS
10
107.0504109999999969
20
-81.2920429999999925
11
107.07314199999999
21
-81.2733879999999971
0
LINE
8
F.Cu
6
CONTINUOUS
10
107.07314199999999
20
-81.2733879999999971
11
107.1272139999999951
21
-81.2509909999999991
0
LINE
8
F.Cu
6
CONTINUOUS
10
107.1272139999999951
20
-81.2509909999999991
11
107.1857399999999956
21
-81.2509909999999991
0
LINE
8
F.Cu
6
CONTINUOUS
10
107.1857399999999956
20
-81.2509909999999991
11
107.2398129999999981
21
-81.2733879999999971
0
LINE
8
F.Cu
6
CONTINUOUS
10
106.1020439999999923
20
-80.1616609999999952
11
106.1549380000000014
21
-80.1867159999999899
0
LINE
8
F.Cu
6
CONTINUOUS
10
106.1549380000000014
20
-80.1867159999999899
11
106.1942169999999948
21
-80.2301049999999947
0
LINE
8
F.Cu
6
CONTINUOUS
10
106.1942169999999948
20
-80.2301049999999947
11
106.2139009999999928
21
-80.2852209999999928
0
LINE
8
F.Cu
6
CONTINUOUS
10
106.2139009999999928
20
-80.2852209999999928
11
106.2109949999999969
21
-80.3436769999999996
0
LINE
8
F.Cu
6
CONTINUOUS
10
106.2109949999999969
20
-80.3436769999999996
11
106.2010729999999938
21
-80.3713570000000033
0
LINE
8
F.Cu
6
CONTINUOUS
10
106.2010729999999938
20
-80.3713570000000033
11
105.8353869999999972
21
-81.1433600000000013
0
LINE
8
F.Cu
6
CONTINUOUS
10
105.8353869999999972
20
-81.1433600000000013
11
106.6073909999999927
21
-80.7776750000000021
0
LINE
8
F.Cu
6
CONTINUOUS
10
106.6073909999999927
20
-80.7776750000000021
11
106.6350709999999964
21
-80.767752999999999
0
LINE
8
F.Cu
6
CONTINUOUS
10
106.6350709999999964
20
-80.767752999999999
11
106.6935269999999889
21
-80.7648470000000032
0
LINE
8
F.Cu
6
CONTINUOUS
10
106.6935269999999889
20
-80.7648470000000032
11
106.7486430000000013
21
-80.7845310000000012
0
LINE
8
F.Cu
6
CONTINUOUS
10
106.7486430000000013
20
-80.7845310000000012
11
106.7920319999999919
21
-80.8238099999999946
0
LINE
8
F.Cu
6
CONTINUOUS
10
106.7920319999999919
20
-80.8238099999999946
11
106.8170870000000008
21
-80.8767039999999895
0
LINE
8
F.Cu
6
CONTINUOUS
10
106.8170870000000008
20
-80.8767039999999895
11
106.8199929999999966
21
-80.9351589999999987
0
LINE
8
F.Cu
6
CONTINUOUS
10
106.8199929999999966
20
-80.9351589999999987
11
106.8003080000000011
21
-80.9902749999999969
0
LINE
8
F.Cu
6
CONTINUOUS
10
106.8003080000000011
20
-80.9902749999999969
11
106.761029999999991
21
-81.0336649999999992
0
LINE
8
F.Cu
6
CONTINUOUS
10
106.761029999999991
20
-81.0336649999999992
11
106.7358169999999973
21
-81.0487969999999933
0
LINE
8
F.Cu
6
CONTINUOUS
10
106.7358169999999973
20
-81.0487969999999933
11
105.5842430000000007
21
-81.5942790000000002
0
LINE
8
F.Cu
6
CONTINUOUS
10
105.5842430000000007
20
-81.5942790000000002
11
105.5815849999999898
21
-81.5952309999999983
0
LINE
8
F.Cu
6
CONTINUOUS
10
105.5815849999999898
20
-81.5952309999999983
11
105.5791169999999966
21
-81.596589999999992
0
LINE
8
F.Cu
6
CONTINUOUS
10
105.5791169999999966
20
-81.596589999999992
11
105.1548540000000003
21
-81.7784169999999904
0
LINE
8
F.Cu
6
CONTINUOUS
10
105.1548540000000003
20
-81.7784169999999904
11
105.1268209999999925
21
-81.7872950000000003
0
LINE
8
F.Cu
6
CONTINUOUS
10
105.1268209999999925
20
-81.7872950000000003
11
105.1258909999999958
21
-81.7873060000000009
0
LINE
8
F.Cu
6
CONTINUOUS
10
105.1258909999999958
20
-81.7873060000000009
11
105.1250299999999953
21
-81.7876629999999949
0
LINE
8
F.Cu
6
CONTINUOUS
10
105.1250299999999953
20
-81.7876629999999949
11
105.0957659999999976
21
-81.7905449999999945
0
LINE
8
F.Cu
6
CONTINUOUS
10
105.0957659999999976
20
-81.7905449999999945
11
104.9745470000000012
21
-81.7905449999999945
0
LINE
8
F.Cu
6
CONTINUOUS
10
104.9745470000000012
20
-81.7905449999999945
11
104.9597349999999949
21
-81.7890859999999975
0
LINE
8
F.Cu
6
CONTINUOUS
10
104.9597349999999949
20
-81.7890859999999975
11
104.9557859999999891
21
-81.7893669999999986
0
LINE
8
F.Cu
6
CONTINUOUS
10
104.9557859999999891
20
-81.7893669999999986
11
104.9505909999999886
21
-81.7881849999999986
0
LINE
8
F.Cu
6
CONTINUOUS
10
104.9505909999999886
20
-81.7881849999999986
11
104.9452829999999892
21
-81.7876629999999949
0
LINE
8
F.Cu
6
CONTINUOUS
10
104.9452829999999892
20
-81.7876629999999949
11
104.9416209999999978
21
-81.7861460000000022
0
LINE
8
F.Cu
6
CONTINUOUS
10
104.9416209999999978
20
-81.7861460000000022
11
104.9271119999999939
21
-81.7828469999999896
0
LINE
8
F.Cu
6
CONTINUOUS
10
104.9271119999999939
20
-81.7828469999999896
11
104.745285999999993
21
-81.7222379999999902
0
LINE
8
F.Cu
6
CONTINUOUS
10
104.745285999999993
20
-81.7222379999999902
11
104.7184349999999995
21
-81.710250000000002
0
LINE
8
F.Cu
6
CONTINUOUS
10
104.7184349999999995
20
-81.710250000000002
11
104.6742209999999886
21
-81.6719030000000004
0
LINE
8
F.Cu
6
CONTINUOUS
10
104.6742209999999886
20
-81.6719030000000004
11
104.6480469999999912
21
-81.6195560000000029
0
LINE
8
F.Cu
6
CONTINUOUS
10
104.6480469999999912
20
-81.6195560000000029
11
104.643897999999993
21
-81.5611749999999915
0
LINE
8
F.Cu
6
CONTINUOUS
10
104.643897999999993
20
-81.5611749999999915
11
104.6624059999999901
21
-81.5056510000000003
0
LINE
8
F.Cu
6
CONTINUOUS
10
104.6624059999999901
20
-81.5056510000000003
11
104.7007529999999917
21
-81.4614369999999894
0
LINE
8
F.Cu
6
CONTINUOUS
10
104.7007529999999917
20
-81.4614369999999894
11
104.7530999999999892
21
-81.435262999999992
0
LINE
8
F.Cu
6
CONTINUOUS
10
104.7530999999999892
20
-81.435262999999992
11
104.8114810000000006
21
-81.4311139999999938
0
LINE
8
F.Cu
6
CONTINUOUS
10
104.8114810000000006
20
-81.4311139999999938
11
104.8401539999999983
21
-81.4376340000000027
0
LINE
8
F.Cu
6
CONTINUOUS
10
104.8401539999999983
20
-81.4376340000000027
11
104.9988899999999887
21
-81.4905449999999973
0
LINE
8
F.Cu
6
CONTINUOUS
10
104.9988899999999887
20
-81.4905449999999973
11
105.064976999999999
21
-81.4905449999999973
0
LINE
8
F.Cu
6
CONTINUOUS
10
105.064976999999999
20
-81.4905449999999973
11
105.4087679999999949
21
-81.343205999999995
0
LINE
8
F.Cu
6
CONTINUOUS
10
105.4087679999999949
20
-81.343205999999995
11
105.9299509999999884
21
-80.2429309999999987
0
LINE
8
F.Cu
6
CONTINUOUS
10
105.9299509999999884
20
-80.2429309999999987
11
105.9450829999999968
21
-80.2177179999999908
0
LINE
8
F.Cu
6
CONTINUOUS
10
105.9450829999999968
20
-80.2177179999999908
11
105.988472999999999
21
-80.1784399999999948
0
LINE
8
F.Cu
6
CONTINUOUS
10
105.988472999999999
20
-80.1784399999999948
11
106.0435889999999972
21
-80.1587549999999993
0
LINE
8
F.Cu
6
CONTINUOUS
10
106.0435889999999972
20
-80.1587549999999993
11
106.1020439999999923
21
-80.1616609999999952
0
LINE
8
F.Cu
6
CONTINUOUS
10
105.0709760000000017
20
-79.2530629999999974
11
105.074776
21
-79.2533339999999953
0
LINE
8
F.Cu
6
CONTINUOUS
10
105.074776
20
-79.2533339999999953
11
105.0769540000000006
21
-79.2544230000000027
0
LINE
8
F.Cu
6
CONTINUOUS
10
105.0769540000000006
20
-79.2544230000000027
11
105.0825909999999936
21
-79.2557049999999919
0
LINE
8
F.Cu
6
CONTINUOUS
10
105.0825909999999936
20
-79.2557049999999919
11
105.264417999999992
21
-79.3163129999999938
0
LINE
8
F.Cu
6
CONTINUOUS
10
105.264417999999992
20
-79.3163129999999938
11
105.2912689999999998
21
-79.3283019999999937
0
LINE
8
F.Cu
6
CONTINUOUS
10
105.2912689999999998
20
-79.3283019999999937
11
105.2953389999999985
21
-79.3318319999999915
0
LINE
8
F.Cu
6
CONTINUOUS
10
105.2953389999999985
20
-79.3318319999999915
11
105.3003190000000018
21
-79.3338949999999983
0
LINE
8
F.Cu
6
CONTINUOUS
10
105.3003190000000018
20
-79.3338949999999983
11
105.323049999999995
21
-79.3525499999999937
0
LINE
8
F.Cu
6
CONTINUOUS
10
105.323049999999995
20
-79.3525499999999937
11
105.5654869999999903
21
-79.5949870000000033
0
LINE
8
F.Cu
6
CONTINUOUS
10
105.5654869999999903
20
-79.5949870000000033
11
105.5841419999999999
21
-79.6177179999999964
0
LINE
8
F.Cu
6
CONTINUOUS
10
105.5841419999999999
20
-79.6177179999999964
11
105.5862039999999951
21
-79.6226970000000023
0
LINE
8
F.Cu
6
CONTINUOUS
10
105.5862039999999951
20
-79.6226970000000023
11
105.5897349999999904
21
-79.6267679999999984
0
LINE
8
F.Cu
6
CONTINUOUS
10
105.5897349999999904
20
-79.6267679999999984
11
105.6017229999999927
21
-79.653618999999992
0
LINE
8
F.Cu
6
CONTINUOUS
10
105.6017229999999927
20
-79.653618999999992
11
105.6623319999999921
21
-79.8354449999999929
0
LINE
8
F.Cu
6
CONTINUOUS
10
105.6623319999999921
20
-79.8354449999999929
11
105.663612999999998
21
-79.8410829999999976
0
LINE
8
F.Cu
6
CONTINUOUS
10
105.663612999999998
20
-79.8410829999999976
11
105.6647029999999887
21
-79.8432609999999983
0
LINE
8
F.Cu
6
CONTINUOUS
10
105.6647029999999887
20
-79.8432609999999983
11
105.6649719999999917
21
-79.8470590000000016
0
LINE
8
F.Cu
6
CONTINUOUS
10
105.6649719999999917
20
-79.8470590000000016
11
105.6688520000000011
21
-79.8641190000000023
0
LINE
8
F.Cu
6
CONTINUOUS
10
105.6688520000000011
20
-79.8641190000000023
11
105.6675180000000012
21
-79.8828800000000001
0
LINE
8
F.Cu
6
CONTINUOUS
10
105.6675180000000012
20
-79.8828800000000001
11
105.6688520000000011
21
-79.9016409999999979
0
LINE
8
F.Cu
6
CONTINUOUS
10
105.6688520000000011
20
-79.9016409999999979
11
105.6649729999999892
21
-79.9186989999999895
0
LINE
8
F.Cu
6
CONTINUOUS
10
105.6649729999999892
20
-79.9186989999999895
11
105.6647029999999887
21
-79.922499000000002
0
LINE
8
F.Cu
6
CONTINUOUS
10
105.6647029999999887
20
-79.922499000000002
11
105.663612999999998
21
-79.9246770000000026
0
LINE
8
F.Cu
6
CONTINUOUS
10
105.663612999999998
20
-79.9246770000000026
11
105.6623319999999921
21
-79.9303139999999956
0
LINE
8
F.Cu
6
CONTINUOUS
10
105.6623319999999921
20
-79.9303139999999956
11
105.6017239999999902
21
-80.1121419999999915
0
LINE
8
F.Cu
6
CONTINUOUS
10
105.6017239999999902
20
-80.1121419999999915
11
105.5897349999999904
21
-80.1389929999999993
0
LINE
8
F.Cu
6
CONTINUOUS
10
105.5897349999999904
20
-80.1389929999999993
11
105.5862049999999925
21
-80.1430620000000005
0
LINE
8
F.Cu
6
CONTINUOUS
10
105.5862049999999925
20
-80.1430620000000005
11
105.5841419999999999
21
-80.1480439999999987
0
LINE
8
F.Cu
6
CONTINUOUS
10
105.5841419999999999
20
-80.1480439999999987
11
105.5654869999999903
21
-80.1707739999999944
0
LINE
8
F.Cu
6
CONTINUOUS
10
105.5654869999999903
20
-80.1707739999999944
11
105.4443799999999953
21
-80.2918789999999944
0
LINE
8
F.Cu
6
CONTINUOUS
10
105.4443799999999953
20
-80.2918789999999944
11
105.4443789999999979
21
-80.2918820000000011
0
LINE
8
F.Cu
6
CONTINUOUS
10
105.4443789999999979
20
-80.2918820000000011
11
105.4443749999999937
21
-80.291883999999996
0
LINE
8
F.Cu
6
CONTINUOUS
10
105.4443749999999937
20
-80.291883999999996
11
105.4442679999999939
21
-80.2919919999999934
0
LINE
8
F.Cu
6
CONTINUOUS
10
105.4442679999999939
20
-80.2919919999999934
11
105.4215370000000007
21
-80.310647000000003
0
LINE
8
F.Cu
6
CONTINUOUS
10
105.4215370000000007
20
-80.310647000000003
11
105.4079599999999886
21
-80.3162700000000029
0
LINE
8
F.Cu
6
CONTINUOUS
10
105.4079599999999886
20
-80.3162700000000029
11
105.395748999999995
21
-80.3244479999999896
0
LINE
8
F.Cu
6
CONTINUOUS
10
105.395748999999995
20
-80.3244479999999896
11
105.3811839999999904
21
-80.3273599999999988
0
LINE
8
F.Cu
6
CONTINUOUS
10
105.3811839999999904
20
-80.3273599999999988
11
105.3674639999999982
21
-80.333044000000001
0
LINE
8
F.Cu
6
CONTINUOUS
10
105.3674639999999982
20
-80.333044000000001
11
105.3527699999999925
21
-80.333044000000001
0
LINE
8
F.Cu
6
CONTINUOUS
10
105.3527699999999925
20
-80.333044000000001
11
105.3383599999999944
21
-80.3359260000000006
0
LINE
8
F.Cu
6
CONTINUOUS
10
105.3383599999999944
20
-80.3359260000000006
11
105.3237909999999999
21
-80.333044000000001
0
LINE
8
F.Cu
6
CONTINUOUS
10
105.3237909999999999
20
-80.333044000000001
11
105.3089379999999977
21
-80.333044000000001
0
LINE
8
F.Cu
6
CONTINUOUS
10
105.3089379999999977
20
-80.333044000000001
11
105.2953579999999931
21
-80.3274189999999919
0
LINE
8
F.Cu
6
CONTINUOUS
10
105.2953579999999931
20
-80.3274189999999919
11
105.2809449999999885
21
-80.3245679999999993
0
LINE
8
F.Cu
6
CONTINUOUS
10
105.2809449999999885
20
-80.3245679999999993
11
105.2549969999999888
21
-80.3107339999999965
0
LINE
8
F.Cu
6
CONTINUOUS
10
105.2549969999999888
20
-80.3107339999999965
11
105.2548669999999902
21
-80.310647000000003
0
LINE
8
F.Cu
6
CONTINUOUS
10
105.2548669999999902
20
-80.310647000000003
11
105.2548659999999927
21
-80.310647000000003
0
LINE
8
F.Cu
6
CONTINUOUS
10
105.2548659999999927
20
-80.310647000000003
11
105.2548639999999978
21
-80.3106449999999938
0
LINE
8
F.Cu
6
CONTINUOUS
10
105.2548639999999978
20
-80.3106449999999938
11
104.6300039999999996
21
-79.8940719999999942
0
LINE
8
F.Cu
6
CONTINUOUS
10
104.6300039999999996
20
-79.8940719999999942
11
104.4995599999999882
21
-80.0245159999999913
0
LINE
8
F.Cu
6
CONTINUOUS
10
104.4995599999999882
20
-80.0245159999999913
11
104.4659599999999955
21
-80.1253169999999955
0
LINE
8
F.Cu
6
CONTINUOUS
10
104.4659599999999955
20
-80.1253169999999955
11
104.4995599999999882
21
-80.2261159999999904
0
LINE
8
F.Cu
6
CONTINUOUS
10
104.4995599999999882
20
-80.2261159999999904
11
104.6919199999999961
21
-80.4184759999999983
0
LINE
8
F.Cu
6
CONTINUOUS
10
104.6919199999999961
20
-80.4184759999999983
11
104.8401539999999983
21
-80.4678869999999904
0
LINE
8
F.Cu
6
CONTINUOUS
10
104.8401539999999983
20
-80.4678869999999904
11
104.8670049999999918
21
-80.4798759999999902
0
LINE
8
F.Cu
6
CONTINUOUS
10
104.8670049999999918
20
-80.4798759999999902
11
104.9112189999999885
21
-80.5182229999999919
0
LINE
8
F.Cu
6
CONTINUOUS
10
104.9112189999999885
20
-80.5182229999999919
11
104.9373919999999885
21
-80.5705699999999894
0
LINE
8
F.Cu
6
CONTINUOUS
10
104.9373919999999885
20
-80.5705699999999894
11
104.9415419999999983
21
-80.6289500000000032
0
LINE
8
F.Cu
6
CONTINUOUS
10
104.9415419999999983
20
-80.6289500000000032
11
104.9230340000000012
21
-80.684474999999992
0
LINE
8
F.Cu
6
CONTINUOUS
10
104.9230340000000012
20
-80.684474999999992
11
104.8846860000000021
21
-80.7286890000000028
0
LINE
8
F.Cu
6
CONTINUOUS
10
104.8846860000000021
20
-80.7286890000000028
11
104.8323389999999904
21
-80.7548630000000003
0
LINE
8
F.Cu
6
CONTINUOUS
10
104.8323389999999904
20
-80.7548630000000003
11
104.7739589999999907
21
-80.7590119999999985
0
LINE
8
F.Cu
6
CONTINUOUS
10
104.7739589999999907
20
-80.7590119999999985
11
104.7452849999999955
21
-80.7524919999999895
0
LINE
8
F.Cu
6
CONTINUOUS
10
104.7452849999999955
20
-80.7524919999999895
11
104.5634589999999946
21
-80.69188299999999
0
LINE
8
F.Cu
6
CONTINUOUS
10
104.5634589999999946
20
-80.69188299999999
11
104.5366080000000011
21
-80.6798950000000019
0
LINE
8
F.Cu
6
CONTINUOUS
10
104.5366080000000011
20
-80.6798950000000019
11
104.5325369999999907
21
-80.6763639999999924
0
LINE
8
F.Cu
6
CONTINUOUS
10
104.5325369999999907
20
-80.6763639999999924
11
104.5275579999999991
21
-80.6743019999999973
0
LINE
8
F.Cu
6
CONTINUOUS
10
104.5275579999999991
20
-80.6743019999999973
11
104.5048269999999917
21
-80.6556470000000019
0
LINE
8
F.Cu
6
CONTINUOUS
10
104.5048269999999917
20
-80.6556470000000019
11
104.2623899999999963
21
-80.4132099999999923
0
LINE
8
F.Cu
6
CONTINUOUS
10
104.2623899999999963
20
-80.4132099999999923
11
104.2437350000000009
21
-80.3904789999999991
0
LINE
8
F.Cu
6
CONTINUOUS
10
104.2437350000000009
20
-80.3904789999999991
11
104.2416719999999941
21
-80.3854989999999958
0
LINE
8
F.Cu
6
CONTINUOUS
10
104.2416719999999941
20
-80.3854989999999958
11
104.2381419999999963
21
-80.3814289999999971
0
LINE
8
F.Cu
6
CONTINUOUS
10
104.2381419999999963
20
-80.3814289999999971
11
104.2261529999999965
21
-80.3545779999999894
0
LINE
8
F.Cu
6
CONTINUOUS
10
104.2261529999999965
20
-80.3545779999999894
11
104.1655449999999945
21
-80.172750999999991
0
LINE
8
F.Cu
6
CONTINUOUS
10
104.1655449999999945
20
-80.172750999999991
11
104.1642629999999912
21
-80.1671159999999929
0
LINE
8
F.Cu
6
CONTINUOUS
10
104.1642629999999912
20
-80.1671159999999929
11
104.1631739999999979
21
-80.1649369999999948
0
LINE
8
F.Cu
6
CONTINUOUS
10
104.1631739999999979
20
-80.1649369999999948
11
104.162903
21
-80.1611350000000016
0
LINE
8
F.Cu
6
CONTINUOUS
10
104.162903
20
-80.1611350000000016
11
104.1590249999999997
21
-80.1440779999999933
0
LINE
8
F.Cu
6
CONTINUOUS
10
104.1590249999999997
20
-80.1440779999999933
11
104.1603569999999905
21
-80.125321999999997
0
LINE
8
F.Cu
6
CONTINUOUS
10
104.1603569999999905
20
-80.125321999999997
11
104.1590240000000023
21
-80.1065569999999951
0
LINE
8
F.Cu
6
CONTINUOUS
10
104.1590240000000023
20
-80.1065569999999951
11
104.1629039999999975
21
-80.0894919999999928
0
LINE
8
F.Cu
6
CONTINUOUS
10
104.1629039999999975
20
-80.0894919999999928
11
104.1631739999999979
21
-80.0856969999999961
0
LINE
8
F.Cu
6
CONTINUOUS
10
104.1631739999999979
20
-80.0856969999999961
11
104.1642619999999937
21
-80.0835209999999904
0
LINE
8
F.Cu
6
CONTINUOUS
10
104.1642619999999937
20
-80.0835209999999904
11
104.165543999999997
21
-80.0778829999999999
0
LINE
8
F.Cu
6
CONTINUOUS
10
104.165543999999997
20
-80.0778829999999999
11
104.2261529999999965
21
-79.8960549999999898
0
LINE
8
F.Cu
6
CONTINUOUS
10
104.2261529999999965
20
-79.8960549999999898
11
104.2381409999999988
21
-79.8692049999999938
0
LINE
8
F.Cu
6
CONTINUOUS
10
104.2381409999999988
20
-79.8692049999999938
11
104.2416719999999941
21
-79.8651330000000002
0
LINE
8
F.Cu
6
CONTINUOUS
10
104.2416719999999941
20
-79.8651330000000002
11
104.2437350000000009
21
-79.8601539999999943
0
LINE
8
F.Cu
6
CONTINUOUS
10
104.2437350000000009
20
-79.8601539999999943
11
104.2623899999999963
21
-79.8374230000000011
0
LINE
8
F.Cu
6
CONTINUOUS
10
104.2623899999999963
20
-79.8374230000000011
11
104.7472629999999896
21
-79.3525499999999937
0
LINE
8
F.Cu
6
CONTINUOUS
10
104.7472629999999896
20
-79.3525499999999937
11
104.769993999999997
21
-79.3338949999999983
0
LINE
8
F.Cu
6
CONTINUOUS
10
104.769993999999997
20
-79.3338949999999983
11
104.7749729999999886
21
-79.3318319999999915
0
LINE
8
F.Cu
6
CONTINUOUS
10
104.7749729999999886
20
-79.3318319999999915
11
104.779043999999999
21
-79.3283019999999937
0
LINE
8
F.Cu
6
CONTINUOUS
10
104.779043999999999
20
-79.3283019999999937
11
104.8058949999999925
21
-79.3163129999999938
0
LINE
8
F.Cu
6
CONTINUOUS
10
104.8058949999999925
20
-79.3163129999999938
11
104.9877229999999884
21
-79.2557049999999919
0
LINE
8
F.Cu
6
CONTINUOUS
10
104.9877229999999884
20
-79.2557049999999919
11
104.9933569999999889
21
-79.2544230000000027
0
LINE
8
F.Cu
6
CONTINUOUS
10
104.9933569999999889
20
-79.2544230000000027
11
104.9955369999999988
21
-79.2533339999999953
0
LINE
8
F.Cu
6
CONTINUOUS
10
104.9955369999999988
20
-79.2533339999999953
11
104.999336999999997
21
-79.2530629999999974
0
LINE
8
F.Cu
6
CONTINUOUS
10
104.999336999999997
20
-79.2530629999999974
11
105.0163960000000003
21
-79.2491849999999971
0
LINE
8
F.Cu
6
CONTINUOUS
10
105.0163960000000003
20
-79.2491849999999971
11
105.0351560000000006
21
-79.2505179999999996
0
LINE
8
F.Cu
6
CONTINUOUS
10
105.0351560000000006
20
-79.2505179999999996
11
105.0539179999999959
21
-79.2491849999999971
0
LINE
8
F.Cu
6
CONTINUOUS
10
105.0539179999999959
20
-79.2491849999999971
11
105.0709760000000017
21
-79.2530629999999974
0
LINE
8
F.Cu
6
CONTINUOUS
10
104.9343549999999965
20
-79.5897209999999973
11
104.8463379999999887
21
-79.6777379999999908
0
LINE
8
F.Cu
6
CONTINUOUS
10
104.8463379999999887
20
-79.6777379999999908
11
105.3190889999999911
21
-79.9929070000000024
0
LINE
8
F.Cu
6
CONTINUOUS
10
105.3190889999999911
20
-79.9929070000000024
11
105.3283149999999893
21
-79.98368099999999
0
LINE
8
F.Cu
6
CONTINUOUS
10
105.3283149999999893
20
-79.98368099999999
11
105.3619149999999962
21
-79.8828790000000026
0
LINE
8
F.Cu
6
CONTINUOUS
10
105.3619149999999962
20
-79.8828790000000026
11
105.3283160000000009
21
-79.7820799999999934
0
LINE
8
F.Cu
6
CONTINUOUS
10
105.3283160000000009
20
-79.7820799999999934
11
105.1359559999999931
21
-79.5897199999999998
0
LINE
8
F.Cu
6
CONTINUOUS
10
105.1359559999999931
20
-79.5897199999999998
11
105.0351579999999956
21
-79.5561199999999928
0
LINE
8
F.Cu
6
CONTINUOUS
10
105.0351579999999956
20
-79.5561199999999928
11
104.9343549999999965
21
-79.5897209999999973
0
LINE
8
F.Cu
6
CONTINUOUS
10
104.8760549999999938
20
-78.0611030000000028
11
104.9174409999999966
21
-78.1024879999999939
0
LINE
8
F.Cu
6
CONTINUOUS
10
104.9174409999999966
20
-78.1024879999999939
11
104.9398379999999946
21
-78.1565609999999964
0
LINE
8
F.Cu
6
CONTINUOUS
10
104.9398379999999946
20
-78.1565609999999964
11
104.9398379999999946
21
-78.2150869999999969
0
LINE
8
F.Cu
6
CONTINUOUS
10
104.9398379999999946
20
-78.2150869999999969
11
104.9174409999999966
21
-78.2691590000000019
0
LINE
8
F.Cu
6
CONTINUOUS
10
104.9174409999999966
20
-78.2691590000000019
11
104.8987860000000012
21
-78.2918899999999951
0
LINE
8
F.Cu
6
CONTINUOUS
10
104.8987860000000012
20
-78.2918899999999951
11
104.5805879999999917
21
-78.6100879999999904
0
LINE
8
F.Cu
6
CONTINUOUS
10
104.5805879999999917
20
-78.6100879999999904
11
104.7775680000000023
21
-78.807068000000001
0
LINE
8
F.Cu
6
CONTINUOUS
10
104.7775680000000023
20
-78.807068000000001
11
104.7962229999999977
21
-78.8297989999999942
0
LINE
8
F.Cu
6
CONTINUOUS
10
104.7962229999999977
20
-78.8297989999999942
11
104.8186199999999957
21
-78.8838709999999992
0
LINE
8
F.Cu
6
CONTINUOUS
10
104.8186199999999957
20
-78.8838709999999992
11
104.8186199999999957
21
-78.9423969999999997
0
LINE
8
F.Cu
6
CONTINUOUS
10
104.8186199999999957
20
-78.9423969999999997
11
104.7962229999999977
21
-78.9964689999999905
0
LINE
8
F.Cu
6
CONTINUOUS
10
104.7962229999999977
20
-78.9964689999999905
11
104.7548369999999949
21
-79.0378549999999933
0
LINE
8
F.Cu
6
CONTINUOUS
10
104.7548369999999949
20
-79.0378549999999933
11
104.7007649999999899
21
-79.0602519999999913
0
LINE
8
F.Cu
6
CONTINUOUS
10
104.7007649999999899
20
-79.0602519999999913
11
104.6422389999999893
21
-79.0602519999999913
0
LINE
8
F.Cu
6
CONTINUOUS
10
104.6422389999999893
20
-79.0602519999999913
11
104.5881669999999986
21
-79.0378549999999933
0
LINE
8
F.Cu
6
CONTINUOUS
10
104.5881669999999986
20
-79.0378549999999933
11
104.5654359999999912
21
-79.0191999999999979
0
LINE
8
F.Cu
6
CONTINUOUS
10
104.5654359999999912
20
-79.0191999999999979
11
104.3684559999999948
21
-78.8222200000000015
0
LINE
8
F.Cu
6
CONTINUOUS
10
104.3684559999999948
20
-78.8222200000000015
11
103.8328599999999966
21
-79.3578159999999997
0
LINE
8
F.Cu
6
CONTINUOUS
10
103.8328599999999966
20
-79.3578159999999997
11
103.7992589999999922
21
-79.4586159999999921
0
LINE
8
F.Cu
6
CONTINUOUS
10
103.7992589999999922
20
-79.4586159999999921
11
103.8328589999999991
21
-79.5594150000000013
0
LINE
8
F.Cu
6
CONTINUOUS
10
103.8328589999999991
20
-79.5594150000000013
11
103.9290400000000005
21
-79.6555960000000027
0
LINE
8
F.Cu
6
CONTINUOUS
10
103.9290400000000005
20
-79.6555960000000027
11
103.947694999999996
21
-79.6783269999999959
0
LINE
8
F.Cu
6
CONTINUOUS
10
103.947694999999996
20
-79.6783269999999959
11
103.970091999999994
21
-79.7323990000000009
0
LINE
8
F.Cu
6
CONTINUOUS
10
103.970091999999994
20
-79.7323990000000009
11
103.970091999999994
21
-79.7909250000000014
0
LINE
8
F.Cu
6
CONTINUOUS
10
103.970091999999994
20
-79.7909250000000014
11
103.947694999999996
21
-79.8449969999999922
0
LINE
8
F.Cu
6
CONTINUOUS
10
103.947694999999996
20
-79.8449969999999922
11
103.9063089999999931
21
-79.886382999999995
0
LINE
8
F.Cu
6
CONTINUOUS
10
103.9063089999999931
20
-79.886382999999995
11
103.8522370000000024
21
-79.908779999999993
0
LINE
8
F.Cu
6
CONTINUOUS
10
103.8522370000000024
20
-79.908779999999993
11
103.7937110000000018
21
-79.908779999999993
0
LINE
8
F.Cu
6
CONTINUOUS
10
103.7937110000000018
20
-79.908779999999993
11
103.7396389999999968
21
-79.886382999999995
0
LINE
8
F.Cu
6
CONTINUOUS
10
103.7396389999999968
20
-79.886382999999995
11
103.7169079999999894
21
-79.8677279999999996
0
LINE
8
F.Cu
6
CONTINUOUS
10
103.7169079999999894
20
-79.8677279999999996
11
103.5956899999999905
21
-79.7465100000000007
0
LINE
8
F.Cu
6
CONTINUOUS
10
103.5956899999999905
20
-79.7465100000000007
11
103.5770349999999951
21
-79.7237789999999933
0
LINE
8
F.Cu
6
CONTINUOUS
10
103.5770349999999951
20
-79.7237789999999933
11
103.574973
21
-79.7188009999999991
0
LINE
8
F.Cu
6
CONTINUOUS
10
103.574973
20
-79.7188009999999991
11
103.5714419999999905
21
-79.714730000000003
0
LINE
8
F.Cu
6
CONTINUOUS
10
103.5714419999999905
20
-79.714730000000003
11
103.5594540000000023
21
-79.6878789999999952
0
LINE
8
F.Cu
6
CONTINUOUS
10
103.5594540000000023
20
-79.6878789999999952
11
103.4988439999999912
21
-79.5060509999999994
0
LINE
8
F.Cu
6
CONTINUOUS
10
103.4988439999999912
20
-79.5060509999999994
11
103.4975620000000021
21
-79.5004129999999947
0
LINE
8
F.Cu
6
CONTINUOUS
10
103.4975620000000021
20
-79.5004129999999947
11
103.4964729999999946
21
-79.498234999999994
0
LINE
8
F.Cu
6
CONTINUOUS
10
103.4964729999999946
20
-79.498234999999994
11
103.4962029999999942
21
-79.4944359999999932
0
LINE
8
F.Cu
6
CONTINUOUS
10
103.4962029999999942
20
-79.4944359999999932
11
103.4923239999999964
21
-79.4773769999999899
0
LINE
8
F.Cu
6
CONTINUOUS
10
103.4923239999999964
20
-79.4773769999999899
11
103.4936569999999989
21
-79.4586159999999921
0
LINE
8
F.Cu
6
CONTINUOUS
10
103.4936569999999989
20
-79.4586159999999921
11
103.4923239999999964
21
-79.4398549999999943
0
LINE
8
F.Cu
6
CONTINUOUS
10
103.4923239999999964
20
-79.4398549999999943
11
103.4962029999999942
21
-79.4227949999999936
0
LINE
8
F.Cu
6
CONTINUOUS
10
103.4962029999999942
20
-79.4227949999999936
11
103.4964729999999946
21
-79.4189969999999903
0
LINE
8
F.Cu
6
CONTINUOUS
10
103.4964729999999946
20
-79.4189969999999903
11
103.4975620000000021
21
-79.4168179999999921
0
LINE
8
F.Cu
6
CONTINUOUS
10
103.4975620000000021
20
-79.4168179999999921
11
103.4988439999999912
21
-79.4111809999999991
0
LINE
8
F.Cu
6
CONTINUOUS
10
103.4988439999999912
20
-79.4111809999999991
11
103.5594540000000023
21
-79.2293540000000007
0
LINE
8
F.Cu
6
CONTINUOUS
10
103.5594540000000023
20
-79.2293540000000007
11
103.5714419999999905
21
-79.202502999999993
0
LINE
8
F.Cu
6
CONTINUOUS
10
103.5714419999999905
20
-79.202502999999993
11
103.574973
21
-79.1984309999999994
0
LINE
8
F.Cu
6
CONTINUOUS
10
103.574973
20
-79.1984309999999994
11
103.5770349999999951
21
-79.1934540000000027
0
LINE
8
F.Cu
6
CONTINUOUS
10
103.5770349999999951
20
-79.1934540000000027
11
103.5956899999999905
21
-79.1707229999999953
0
LINE
8
F.Cu
6
CONTINUOUS
10
103.5956899999999905
20
-79.1707229999999953
11
104.1563239999999979
21
-78.6100879999999904
0
LINE
8
F.Cu
6
CONTINUOUS
10
104.1563239999999979
20
-78.6100879999999904
11
104.0805629999999979
21
-78.5343269999999904
0
LINE
8
F.Cu
6
CONTINUOUS
10
104.0805629999999979
20
-78.5343269999999904
11
104.0619079999999883
21
-78.5115959999999973
0
LINE
8
F.Cu
6
CONTINUOUS
10
104.0619079999999883
20
-78.5115959999999973
11
104.0395109999999903
21
-78.4575239999999923
0
LINE
8
F.Cu
6
CONTINUOUS
10
104.0395109999999903
20
-78.4575239999999923
11
104.0395109999999903
21
-78.3989979999999917
0
LINE
8
F.Cu
6
CONTINUOUS
10
104.0395109999999903
20
-78.3989979999999917
11
104.0619079999999883
21
-78.344926000000001
0
LINE
8
F.Cu
6
CONTINUOUS
10
104.0619079999999883
20
-78.344926000000001
11
104.1032939999999911
21
-78.3035399999999981
0
LINE
8
F.Cu
6
CONTINUOUS
10
104.1032939999999911
20
-78.3035399999999981
11
104.1573659999999961
21
-78.2811430000000001
0
LINE
8
F.Cu
6
CONTINUOUS
10
104.1573659999999961
20
-78.2811430000000001
11
104.2158919999999966
21
-78.2811430000000001
0
LINE
8
F.Cu
6
CONTINUOUS
10
104.2158919999999966
20
-78.2811430000000001
11
104.2699640000000016
21
-78.3035399999999981
0
LINE
8
F.Cu
6
CONTINUOUS
10
104.2699640000000016
20
-78.3035399999999981
11
104.2926949999999948
21
-78.3221949999999936
0
LINE
8
F.Cu
6
CONTINUOUS
10
104.2926949999999948
20
-78.3221949999999936
11
104.3684559999999948
21
-78.3979559999999935
0
LINE
8
F.Cu
6
CONTINUOUS
10
104.3684559999999948
20
-78.3979559999999935
11
104.6866539999999901
21
-78.0797579999999982
0
LINE
8
F.Cu
6
CONTINUOUS
10
104.6866539999999901
20
-78.0797579999999982
11
104.7093849999999975
21
-78.0611030000000028
0
LINE
8
F.Cu
6
CONTINUOUS
10
104.7093849999999975
20
-78.0611030000000028
11
104.7634569999999883
21
-78.0387059999999906
0
LINE
8
F.Cu
6
CONTINUOUS
10
104.7634569999999883
20
-78.0387059999999906
11
104.8219829999999888
21
-78.0387059999999906
0
LINE
8
F.Cu
6
CONTINUOUS
10
104.8219829999999888
20
-78.0387059999999906
11
104.8760549999999938
21
-78.0611030000000028
0
LINE
8
F.Cu
6
CONTINUOUS
10
103.5953480000000013
20
-76.9463169999999934
11
103.5992979999999903
21
-76.9460369999999898
0
LINE
8
F.Cu
6
CONTINUOUS
10
103.5992979999999903
20
-76.9460369999999898
11
103.6044919999999934
21
-76.9472179999999923
0
LINE
8
F.Cu
6
CONTINUOUS
10
103.6044919999999934
20
-76.9472179999999923
11
103.6098009999999903
21
-76.9477409999999935
0
LINE
8
F.Cu
6
CONTINUOUS
10
103.6098009999999903
20
-76.9477409999999935
11
103.6134629999999959
21
-76.9492580000000004
0
LINE
8
F.Cu
6
CONTINUOUS
10
103.6134629999999959
20
-76.9492580000000004
11
103.6279710000000023
21
-76.9525569999999988
0
LINE
8
F.Cu
6
CONTINUOUS
10
103.6279710000000023
20
-76.9525569999999988
11
103.8097980000000007
21
-77.0131650000000008
0
LINE
8
F.Cu
6
CONTINUOUS
10
103.8097980000000007
20
-77.0131650000000008
11
103.8366489999999942
21
-77.0251540000000006
0
LINE
8
F.Cu
6
CONTINUOUS
10
103.8366489999999942
20
-77.0251540000000006
11
103.8407189999999929
21
-77.0286839999999984
0
LINE
8
F.Cu
6
CONTINUOUS
10
103.8407189999999929
20
-77.0286839999999984
11
103.8456989999999962
21
-77.030746999999991
0
LINE
8
F.Cu
6
CONTINUOUS
10
103.8456989999999962
20
-77.030746999999991
11
103.8684299999999894
21
-77.0494020000000006
0
LINE
8
F.Cu
6
CONTINUOUS
10
103.8684299999999894
20
-77.0494020000000006
11
104.1714759999999984
21
-77.3524479999999954
0
LINE
8
F.Cu
6
CONTINUOUS
10
104.1714759999999984
20
-77.3524479999999954
11
104.1809140000000014
21
-77.363948999999991
0
LINE
8
F.Cu
6
CONTINUOUS
10
104.1809140000000014
20
-77.363948999999991
11
104.1839089999999999
21
-77.3665459999999996
0
LINE
8
F.Cu
6
CONTINUOUS
10
104.1839089999999999
20
-77.3665459999999996
11
104.1867489999999918
21
-77.3710590000000025
0
LINE
8
F.Cu
6
CONTINUOUS
10
104.1867489999999918
20
-77.3710590000000025
11
104.1901309999999938
21
-77.3751790000000028
0
LINE
8
F.Cu
6
CONTINUOUS
10
104.1901309999999938
20
-77.3751790000000028
11
104.1916459999999915
21
-77.3788380000000018
0
LINE
8
F.Cu
6
CONTINUOUS
10
104.1916459999999915
20
-77.3788380000000018
11
104.1995739999999984
21
-77.3914319999999947
0
LINE
8
F.Cu
6
CONTINUOUS
10
104.1995739999999984
20
-77.3914319999999947
11
104.3207929999999948
21
-77.63386899999999
0
LINE
8
F.Cu
6
CONTINUOUS
10
104.3207929999999948
20
-77.63386899999999
11
104.3313029999999912
21
-77.6613320000000016
0
LINE
8
F.Cu
6
CONTINUOUS
10
104.3313029999999912
20
-77.6613320000000016
11
104.335450999999992
21
-77.7197120000000012
0
LINE
8
F.Cu
6
CONTINUOUS
10
104.335450999999992
20
-77.7197120000000012
11
104.3169439999999923
21
-77.775234999999995
0
LINE
8
F.Cu
6
CONTINUOUS
10
104.3169439999999923
20
-77.775234999999995
11
104.2785969999999907
21
-77.8194500000000033
0
LINE
8
F.Cu
6
CONTINUOUS
10
104.2785969999999907
20
-77.8194500000000033
11
104.2262479999999982
21
-77.8456249999999983
0
LINE
8
F.Cu
6
CONTINUOUS
10
104.2262479999999982
20
-77.8456249999999983
11
104.1678679999999986
21
-77.849772999999999
0
LINE
8
F.Cu
6
CONTINUOUS
10
104.1678679999999986
20
-77.849772999999999
11
104.1123449999999906
21
-77.8312659999999994
0
LINE
8
F.Cu
6
CONTINUOUS
10
104.1123449999999906
20
-77.8312659999999994
11
104.0681299999999965
21
-77.7929189999999977
0
LINE
8
F.Cu
6
CONTINUOUS
10
104.0681299999999965
20
-77.7929189999999977
11
104.052464999999998
21
-77.7680330000000026
0
LINE
8
F.Cu
6
CONTINUOUS
10
104.052464999999998
20
-77.7680330000000026
11
103.9421320000000009
21
-77.5473679999999916
0
LINE
8
F.Cu
6
CONTINUOUS
10
103.9421320000000009
20
-77.5473679999999916
11
103.6813360000000017
21
-77.2865719999999925
0
LINE
8
F.Cu
6
CONTINUOUS
10
103.6813360000000017
20
-77.2865719999999925
11
103.5561969999999974
21
-77.2448589999999911
0
LINE
8
F.Cu
6
CONTINUOUS
10
103.5561969999999974
20
-77.2448589999999911
11
103.4836619999999954
21
-77.2448589999999911
0
LINE
8
F.Cu
6
CONTINUOUS
10
103.4836619999999954
20
-77.2448589999999911
11
103.358516999999992
21
-77.28657299999999
0
LINE
8
F.Cu
6
CONTINUOUS
10
103.358516999999992
20
-77.28657299999999
11
103.2873769999999922
21
-77.3577140000000014
0
LINE
8
F.Cu
6
CONTINUOUS
10
103.2873769999999922
20
-77.3577140000000014
11
103.2456639999999908
21
-77.4828540000000032
0
LINE
8
F.Cu
6
CONTINUOUS
10
103.2456639999999908
20
-77.4828540000000032
11
103.2456639999999908
21
-77.555388999999991
0
LINE
8
F.Cu
6
CONTINUOUS
10
103.2456639999999908
20
-77.555388999999991
11
103.2933669999999893
21
-77.6985039999999998
0
LINE
8
F.Cu
6
CONTINUOUS
10
103.2933669999999893
20
-77.6985039999999998
11
103.4667239999999993
21
-77.9874319999999983
0
LINE
8
F.Cu
6
CONTINUOUS
10
103.4667239999999993
20
-77.9874319999999983
11
103.4677030000000002
21
-77.98950099999999
0
LINE
8
F.Cu
6
CONTINUOUS
10
103.4677030000000002
20
-77.98950099999999
11
103.4684139999999957
21
-77.990319999999997
0
LINE
8
F.Cu
6
CONTINUOUS
10
103.4684139999999957
20
-77.990319999999997
11
103.4737279999999942
21
-78.0022230000000008
0
LINE
8
F.Cu
6
CONTINUOUS
10
103.4737279999999942
20
-78.0022230000000008
11
103.4793090000000007
21
-78.0140079999999898
0
LINE
8
F.Cu
6
CONTINUOUS
10
103.4793090000000007
20
-78.0140079999999898
11
103.4794679999999971
21
-78.0150799999999975
0
LINE
8
F.Cu
6
CONTINUOUS
10
103.4794679999999971
20
-78.0150799999999975
11
103.480401999999998
21
-78.0171709999999905
0
LINE
8
F.Cu
6
CONTINUOUS
10
103.480401999999998
20
-78.0171709999999905
11
103.5410119999999949
21
-78.1989980000000031
0
LINE
8
F.Cu
6
CONTINUOUS
10
103.5410119999999949
20
-78.1989980000000031
11
103.5443109999999933
21
-78.2135069999999928
0
LINE
8
F.Cu
6
CONTINUOUS
10
103.5443109999999933
20
-78.2135069999999928
11
103.5458280000000002
21
-78.2171689999999984
0
LINE
8
F.Cu
6
CONTINUOUS
10
103.5458280000000002
20
-78.2171689999999984
11
103.5463499999999897
21
-78.2224769999999978
0
LINE
8
F.Cu
6
CONTINUOUS
10
103.5463499999999897
20
-78.2224769999999978
11
103.5475319999999897
21
-78.2276719999999983
0
LINE
8
F.Cu
6
CONTINUOUS
10
103.5475319999999897
20
-78.2276719999999983
11
103.5472509999999886
21
-78.2316209999999899
0
LINE
8
F.Cu
6
CONTINUOUS
10
103.5472509999999886
20
-78.2316209999999899
11
103.5487099999999998
21
-78.2464329999999961
0
LINE
8
F.Cu
6
CONTINUOUS
10
103.5487099999999998
20
-78.2464329999999961
11
103.5487099999999998
21
-78.3676509999999951
0
LINE
8
F.Cu
6
CONTINUOUS
10
103.5487099999999998
20
-78.3676509999999951
11
103.5472509999999886
21
-78.3824619999999896
0
LINE
8
F.Cu
6
CONTINUOUS
10
103.5472509999999886
20
-78.3824619999999896
11
103.5475319999999897
21
-78.3864119999999929
0
LINE
8
F.Cu
6
CONTINUOUS
10
103.5475319999999897
20
-78.3864119999999929
11
103.5463499999999897
21
-78.3916059999999959
0
LINE
8
F.Cu
6
CONTINUOUS
10
103.5463499999999897
20
-78.3916059999999959
11
103.5458280000000002
21
-78.3969149999999928
0
LINE
8
F.Cu
6
CONTINUOUS
10
103.5458280000000002
20
-78.3969149999999928
11
103.5443099999999959
21
-78.4005769999999984
0
LINE
8
F.Cu
6
CONTINUOUS
10
103.5443099999999959
20
-78.4005769999999984
11
103.5410119999999949
21
-78.4150849999999906
0
LINE
8
F.Cu
6
CONTINUOUS
10
103.5410119999999949
20
-78.4150849999999906
11
103.480401999999998
21
-78.5969139999999982
0
LINE
8
F.Cu
6
CONTINUOUS
10
103.480401999999998
20
-78.5969139999999982
11
103.4684139999999957
21
-78.6237639999999942
0
LINE
8
F.Cu
6
CONTINUOUS
10
103.4684139999999957
20
-78.6237639999999942
11
103.4648830000000004
21
-78.6278339999999929
0
LINE
8
F.Cu
6
CONTINUOUS
10
103.4648830000000004
20
-78.6278339999999929
11
103.462820999999991
21
-78.6328139999999962
0
LINE
8
F.Cu
6
CONTINUOUS
10
103.462820999999991
20
-78.6328139999999962
11
103.4441659999999956
21
-78.6555449999999894
0
LINE
8
F.Cu
6
CONTINUOUS
10
103.4441659999999956
20
-78.6555449999999894
11
103.3229479999999967
21
-78.7767630000000025
0
LINE
8
F.Cu
6
CONTINUOUS
10
103.3229479999999967
20
-78.7767630000000025
11
103.3002169999999893
21
-78.795417999999998
0
LINE
8
F.Cu
6
CONTINUOUS
10
103.3002169999999893
20
-78.795417999999998
11
103.2952370000000002
21
-78.7974799999999931
0
LINE
8
F.Cu
6
CONTINUOUS
10
103.2952370000000002
20
-78.7974799999999931
11
103.2911670000000015
21
-78.8010110000000026
0
LINE
8
F.Cu
6
CONTINUOUS
10
103.2911670000000015
20
-78.8010110000000026
11
103.2643159999999938
21
-78.8130000000000024
0
LINE
8
F.Cu
6
CONTINUOUS
10
103.2643159999999938
20
-78.8130000000000024
11
103.0824889999999954
21
-78.8736079999999902
0
LINE
8
F.Cu
6
CONTINUOUS
10
103.0824889999999954
20
-78.8736079999999902
11
103.067980999999989
21
-78.8769059999999911
0
LINE
8
F.Cu
6
CONTINUOUS
10
103.067980999999989
20
-78.8769059999999911
11
103.0643189999999976
21
-78.8784239999999954
0
LINE
8
F.Cu
6
CONTINUOUS
10
103.0643189999999976
20
-78.8784239999999954
11
103.0590100000000007
21
-78.8789459999999991
0
LINE
8
F.Cu
6
CONTINUOUS
10
103.0590100000000007
20
-78.8789459999999991
11
103.0538159999999976
21
-78.8801279999999991
0
LINE
8
F.Cu
6
CONTINUOUS
10
103.0538159999999976
20
-78.8801279999999991
11
103.0498659999999944
21
-78.879846999999998
0
LINE
8
F.Cu
6
CONTINUOUS
10
103.0498659999999944
20
-78.879846999999998
11
103.0350549999999998
21
-78.881305999999995
0
LINE
8
F.Cu
6
CONTINUOUS
10
103.0350549999999998
20
-78.881305999999995
11
102.9138359999999892
21
-78.881305999999995
0
LINE
8
F.Cu
6
CONTINUOUS
10
102.9138359999999892
20
-78.881305999999995
11
102.8990239999999972
21
-78.879846999999998
0
LINE
8
F.Cu
6
CONTINUOUS
10
102.8990239999999972
20
-78.879846999999998
11
102.8950749999999914
21
-78.8801279999999991
0
LINE
8
F.Cu
6
CONTINUOUS
10
102.8950749999999914
20
-78.8801279999999991
11
102.8898799999999909
21
-78.8789459999999991
0
LINE
8
F.Cu
6
CONTINUOUS
10
102.8898799999999909
20
-78.8789459999999991
11
102.8845719999999915
21
-78.8784239999999954
0
LINE
8
F.Cu
6
CONTINUOUS
10
102.8845719999999915
20
-78.8784239999999954
11
102.8809100000000001
21
-78.8769070000000028
0
LINE
8
F.Cu
6
CONTINUOUS
10
102.8809100000000001
20
-78.8769070000000028
11
102.8664009999999962
21
-78.8736079999999902
0
LINE
8
F.Cu
6
CONTINUOUS
10
102.8664009999999962
20
-78.8736079999999902
11
102.6845749999999953
21
-78.8129989999999907
0
LINE
8
F.Cu
6
CONTINUOUS
10
102.6845749999999953
20
-78.8129989999999907
11
102.6577240000000018
21
-78.8010110000000026
0
LINE
8
F.Cu
6
CONTINUOUS
10
102.6577240000000018
20
-78.8010110000000026
11
102.6536529999999914
21
-78.7974799999999931
0
LINE
8
F.Cu
6
CONTINUOUS
10
102.6536529999999914
20
-78.7974799999999931
11
102.6486739999999998
21
-78.795417999999998
0
LINE
8
F.Cu
6
CONTINUOUS
10
102.6486739999999998
20
-78.795417999999998
11
102.6259429999999924
21
-78.7767630000000025
0
LINE
8
F.Cu
6
CONTINUOUS
10
102.6259429999999924
20
-78.7767630000000025
11
102.3228969999999975
21
-78.4737169999999935
0
LINE
8
F.Cu
6
CONTINUOUS
10
102.3228969999999975
20
-78.4737169999999935
11
102.3134579999999971
21
-78.4622150000000005
0
LINE
8
F.Cu
6
CONTINUOUS
10
102.3134579999999971
20
-78.4622150000000005
11
102.3104639999999961
21
-78.4596190000000036
0
LINE
8
F.Cu
6
CONTINUOUS
10
102.3104639999999961
20
-78.4596190000000036
11
102.3076229999999924
21
-78.4551050000000032
0
LINE
8
F.Cu
6
CONTINUOUS
10
102.3076229999999924
20
-78.4551050000000032
11
102.3042420000000021
21
-78.4509860000000003
0
LINE
8
F.Cu
6
CONTINUOUS
10
102.3042420000000021
20
-78.4509860000000003
11
102.3027259999999927
21
-78.4473259999999897
0
LINE
8
F.Cu
6
CONTINUOUS
10
102.3027259999999927
20
-78.4473259999999897
11
102.2947989999999976
21
-78.4347329999999943
0
LINE
8
F.Cu
6
CONTINUOUS
10
102.2947989999999976
20
-78.4347329999999943
11
102.1735809999999987
21
-78.1922969999999964
0
LINE
8
F.Cu
6
CONTINUOUS
10
102.1735809999999987
20
-78.1922969999999964
11
102.1630710000000022
21
-78.164833999999999
0
LINE
8
F.Cu
6
CONTINUOUS
10
102.1630710000000022
20
-78.164833999999999
11
102.1589230000000015
21
-78.1064530000000019
0
LINE
8
F.Cu
6
CONTINUOUS
10
102.1589230000000015
20
-78.1064530000000019
11
102.1774309999999986
21
-78.0509309999999914
0
LINE
8
F.Cu
6
CONTINUOUS
10
102.1774309999999986
20
-78.0509309999999914
11
102.2157769999999886
21
-78.0067159999999973
0
LINE
8
F.Cu
6
CONTINUOUS
10
102.2157769999999886
20
-78.0067159999999973
11
102.2681259999999952
21
-77.9805410000000023
0
LINE
8
F.Cu
6
CONTINUOUS
10
102.2681259999999952
20
-77.9805410000000023
11
102.3265069999999923
21
-77.9763930000000016
0
LINE
8
F.Cu
6
CONTINUOUS
10
102.3265069999999923
20
-77.9763930000000016
11
102.3820289999999886
21
-77.9949009999999987
0
LINE
8
F.Cu
6
CONTINUOUS
10
102.3820289999999886
20
-77.9949009999999987
11
102.426243999999997
21
-78.0332470000000029
0
LINE
8
F.Cu
6
CONTINUOUS
10
102.426243999999997
20
-78.0332470000000029
11
102.4419089999999954
21
-78.058132999999998
0
LINE
8
F.Cu
6
CONTINUOUS
10
102.4419089999999954
20
-78.058132999999998
11
102.5522409999999951
21
-78.2787969999999973
0
LINE
8
F.Cu
6
CONTINUOUS
10
102.5522409999999951
20
-78.2787969999999973
11
102.8130359999999968
21
-78.539591999999999
0
LINE
8
F.Cu
6
CONTINUOUS
10
102.8130359999999968
20
-78.539591999999999
11
102.938178999999991
21
-78.5813059999999979
0
LINE
8
F.Cu
6
CONTINUOUS
10
102.938178999999991
20
-78.5813059999999979
11
103.0107149999999905
21
-78.5813059999999979
0
LINE
8
F.Cu
6
CONTINUOUS
10
103.0107149999999905
20
-78.5813059999999979
11
103.1358539999999948
21
-78.539591999999999
0
LINE
8
F.Cu
6
CONTINUOUS
10
103.1358539999999948
20
-78.539591999999999
11
103.206994999999992
21
-78.4684510000000017
0
LINE
8
F.Cu
6
CONTINUOUS
10
103.206994999999992
20
-78.4684510000000017
11
103.2487099999999884
21
-78.3433089999999908
0
LINE
8
F.Cu
6
CONTINUOUS
10
103.2487099999999884
20
-78.3433089999999908
11
103.2487099999999884
21
-78.270774000000003
0
LINE
8
F.Cu
6
CONTINUOUS
10
103.2487099999999884
20
-78.270774000000003
11
103.2010039999999975
21
-78.1276610000000034
0
LINE
8
F.Cu
6
CONTINUOUS
10
103.2010039999999975
20
-78.1276610000000034
11
103.0276489999999967
21
-77.8387340000000023
0
LINE
8
F.Cu
6
CONTINUOUS
10
103.0276489999999967
20
-77.8387340000000023
11
103.0266680000000008
21
-77.8366619999999898
0
LINE
8
F.Cu
6
CONTINUOUS
10
103.0266680000000008
20
-77.8366619999999898
11
103.0259579999999886
21
-77.8358439999999945
0
LINE
8
F.Cu
6
CONTINUOUS
10
103.0259579999999886
20
-77.8358439999999945
11
103.0206389999999885
21
-77.8239310000000017
0
LINE
8
F.Cu
6
CONTINUOUS
10
103.0206389999999885
20
-77.8239310000000017
11
103.0150639999999953
21
-77.8121579999999966
0
LINE
8
F.Cu
6
CONTINUOUS
10
103.0150639999999953
20
-77.8121579999999966
11
103.0149040000000014
21
-77.8110870000000006
0
LINE
8
F.Cu
6
CONTINUOUS
10
103.0149040000000014
20
-77.8110870000000006
11
103.0139700000000005
21
-77.8089939999999984
0
LINE
8
F.Cu
6
CONTINUOUS
10
103.0139700000000005
20
-77.8089939999999984
11
102.953361000000001
21
-77.6271660000000026
0
LINE
8
F.Cu
6
CONTINUOUS
10
102.953361000000001
20
-77.6271660000000026
11
102.9500609999999909
21
-77.6126529999999946
0
LINE
8
F.Cu
6
CONTINUOUS
10
102.9500609999999909
20
-77.6126529999999946
11
102.9485459999999932
21
-77.6089959999999905
0
LINE
8
F.Cu
6
CONTINUOUS
10
102.9485459999999932
20
-77.6089959999999905
11
102.9480229999999921
21
-77.6036929999999927
0
LINE
8
F.Cu
6
CONTINUOUS
10
102.9480229999999921
20
-77.6036929999999927
11
102.9468409999999921
21
-77.5984919999999931
0
LINE
8
F.Cu
6
CONTINUOUS
10
102.9468409999999921
20
-77.5984919999999931
11
102.9471219999999931
21
-77.5945370000000025
0
LINE
8
F.Cu
6
CONTINUOUS
10
102.9471219999999931
20
-77.5945370000000025
11
102.9456639999999936
21
-77.5797319999999928
0
LINE
8
F.Cu
6
CONTINUOUS
10
102.9456639999999936
20
-77.5797319999999928
11
102.9456639999999936
21
-77.4585139999999939
0
LINE
8
F.Cu
6
CONTINUOUS
10
102.9456639999999936
20
-77.4585139999999939
11
102.9471219999999931
21
-77.4437020000000018
0
LINE
8
F.Cu
6
CONTINUOUS
10
102.9471219999999931
20
-77.4437020000000018
11
102.9468419999999895
21
-77.4397529999999961
0
LINE
8
F.Cu
6
CONTINUOUS
10
102.9468419999999895
20
-77.4397529999999961
11
102.9480229999999921
21
-77.4345579999999956
0
LINE
8
F.Cu
6
CONTINUOUS
10
102.9480229999999921
20
-77.4345579999999956
11
102.9485459999999932
21
-77.4292499999999961
0
LINE
8
F.Cu
6
CONTINUOUS
10
102.9485459999999932
20
-77.4292499999999961
11
102.9500630000000001
21
-77.4255869999999931
0
LINE
8
F.Cu
6
CONTINUOUS
10
102.9500630000000001
20
-77.4255869999999931
11
102.9533619999999985
21
-77.4110799999999983
0
LINE
8
F.Cu
6
CONTINUOUS
10
102.9533619999999985
20
-77.4110799999999983
11
103.0139700000000005
21
-77.2292529999999999
0
LINE
8
F.Cu
6
CONTINUOUS
10
103.0139700000000005
20
-77.2292529999999999
11
103.0259590000000003
21
-77.2024019999999922
0
LINE
8
F.Cu
6
CONTINUOUS
10
103.0259590000000003
20
-77.2024019999999922
11
103.0294889999999981
21
-77.198330999999996
0
LINE
8
F.Cu
6
CONTINUOUS
10
103.0294889999999981
20
-77.198330999999996
11
103.0315519999999907
21
-77.1933519999999902
0
LINE
8
F.Cu
6
CONTINUOUS
10
103.0315519999999907
20
-77.1933519999999902
11
103.0502070000000003
21
-77.170620999999997
0
LINE
8
F.Cu
6
CONTINUOUS
10
103.0502070000000003
20
-77.170620999999997
11
103.1714249999999993
21
-77.0494020000000006
0
LINE
8
F.Cu
6
CONTINUOUS
10
103.1714249999999993
20
-77.0494020000000006
11
103.194154999999995
21
-77.030746999999991
0
LINE
8
F.Cu
6
CONTINUOUS
10
103.194154999999995
20
-77.030746999999991
11
103.1991359999999958
21
-77.0286830000000009
0
LINE
8
F.Cu
6
CONTINUOUS
10
103.1991359999999958
20
-77.0286830000000009
11
103.2032059999999944
21
-77.0251540000000006
0
LINE
8
F.Cu
6
CONTINUOUS
10
103.2032059999999944
20
-77.0251540000000006
11
103.2300570000000022
21
-77.0131650000000008
0
LINE
8
F.Cu
6
CONTINUOUS
10
103.2300570000000022
20
-77.0131650000000008
11
103.4118849999999981
21
-76.9525569999999988
0
LINE
8
F.Cu
6
CONTINUOUS
10
103.4118849999999981
20
-76.9525569999999988
11
103.4263919999999928
21
-76.9492580000000004
0
LINE
8
F.Cu
6
CONTINUOUS
10
103.4263919999999928
20
-76.9492580000000004
11
103.4300549999999959
21
-76.9477409999999935
0
LINE
8
F.Cu
6
CONTINUOUS
10
103.4300549999999959
20
-76.9477409999999935
11
103.4353629999999953
21
-76.9472179999999923
0
LINE
8
F.Cu
6
CONTINUOUS
10
103.4353629999999953
20
-76.9472179999999923
11
103.4405579999999958
21
-76.9460369999999898
0
LINE
8
F.Cu
6
CONTINUOUS
10
103.4405579999999958
20
-76.9460369999999898
11
103.4445070000000015
21
-76.9463169999999934
0
LINE
8
F.Cu
6
CONTINUOUS
10
103.4445070000000015
20
-76.9463169999999934
11
103.4593189999999936
21
-76.9448589999999939
0
LINE
8
F.Cu
6
CONTINUOUS
10
103.4593189999999936
20
-76.9448589999999939
11
103.5805369999999925
21
-76.9448589999999939
0
LINE
8
F.Cu
6
CONTINUOUS
10
103.5805369999999925
20
-76.9448589999999939
11
103.5953480000000013
21
-76.9463169999999934
0
LINE
8
F.Cu
6
CONTINUOUS
10
101.6637699999999995
20
-74.8488169999999968
11
101.7051560000000023
21
-74.8902029999999996
0
LINE
8
F.Cu
6
CONTINUOUS
10
101.7051560000000023
20
-74.8902029999999996
11
101.7275530000000003
21
-74.9442749999999904
0
LINE
8
F.Cu
6
CONTINUOUS
10
101.7275530000000003
20
-74.9442749999999904
11
101.7275530000000003
21
-75.0028009999999909
0
LINE
8
F.Cu
6
CONTINUOUS
10
101.7275530000000003
20
-75.0028009999999909
11
101.7051560000000023
21
-75.056872999999996
0
LINE
8
F.Cu
6
CONTINUOUS
10
101.7051560000000023
20
-75.056872999999996
11
101.6865009999999927
21
-75.0796040000000033
0
LINE
8
F.Cu
6
CONTINUOUS
10
101.6865009999999927
20
-75.0796040000000033
11
100.5197739999999982
21
-76.2463300000000004
0
LINE
8
F.Cu
6
CONTINUOUS
10
100.5197739999999982
20
-76.2463300000000004
11
101.0197999999999894
21
-76.7463559999999916
0
LINE
8
F.Cu
6
CONTINUOUS
10
101.0197999999999894
20
-76.7463559999999916
11
101.038454999999999
21
-76.769086999999999
0
LINE
8
F.Cu
6
CONTINUOUS
10
101.038454999999999
20
-76.769086999999999
11
101.060851999999997
21
-76.8231589999999898
0
LINE
8
F.Cu
6
CONTINUOUS
10
101.060851999999997
20
-76.8231589999999898
11
101.060851999999997
21
-76.8816849999999903
0
LINE
8
F.Cu
6
CONTINUOUS
10
101.060851999999997
20
-76.8816849999999903
11
101.038454999999999
21
-76.9357569999999953
0
LINE
8
F.Cu
6
CONTINUOUS
10
101.038454999999999
20
-76.9357569999999953
11
100.9970699999999937
21
-76.9771429999999981
0
LINE
8
F.Cu
6
CONTINUOUS
10
100.9970699999999937
20
-76.9771429999999981
11
100.9429969999999912
21
-76.9995399999999961
0
LINE
8
F.Cu
6
CONTINUOUS
10
100.9429969999999912
20
-76.9995399999999961
11
100.8844709999999907
21
-76.9995399999999961
0
LINE
8
F.Cu
6
CONTINUOUS
10
100.8844709999999907
20
-76.9995399999999961
11
100.8303989999999999
21
-76.9771429999999981
0
LINE
8
F.Cu
6
CONTINUOUS
10
100.8303989999999999
20
-76.9771429999999981
11
100.8076679999999925
21
-76.9584880000000027
0
LINE
8
F.Cu
6
CONTINUOUS
10
100.8076679999999925
20
-76.9584880000000027
11
100.2015759999999887
21
-76.3523969999999963
0
LINE
8
F.Cu
6
CONTINUOUS
10
100.2015759999999887
20
-76.3523969999999963
11
100.1829209999999932
21
-76.3296660000000031
0
LINE
8
F.Cu
6
CONTINUOUS
10
100.1829209999999932
20
-76.3296660000000031
11
100.1605239999999952
21
-76.2755939999999981
0
LINE
8
F.Cu
6
CONTINUOUS
10
100.1605239999999952
20
-76.2755939999999981
11
100.1605239999999952
21
-76.2170679999999976
0
LINE
8
F.Cu
6
CONTINUOUS
10
100.1605239999999952
20
-76.2170679999999976
11
100.1829209999999932
21
-76.1629959999999926
0
LINE
8
F.Cu
6
CONTINUOUS
10
100.1829209999999932
20
-76.1629959999999926
11
100.2015759999999887
21
-76.1402649999999994
0
LINE
8
F.Cu
6
CONTINUOUS
10
100.2015759999999887
20
-76.1402649999999994
11
101.4743689999999958
21
-74.8674719999999922
0
LINE
8
F.Cu
6
CONTINUOUS
10
101.4743689999999958
20
-74.8674719999999922
11
101.497099999999989
21
-74.8488169999999968
0
LINE
8
F.Cu
6
CONTINUOUS
10
101.497099999999989
20
-74.8488169999999968
11
101.551171999999994
21
-74.8264199999999988
0
LINE
8
F.Cu
6
CONTINUOUS
10
101.551171999999994
20
-74.8264199999999988
11
101.6096979999999945
21
-74.8264199999999988
0
LINE
8
F.Cu
6
CONTINUOUS
10
101.6096979999999945
20
-74.8264199999999988
11
101.6637699999999995
21
-74.8488169999999968
0
LINE
8
F.Cu
6
CONTINUOUS
10
100.5121949999999913
20
-73.6972430000000003
11
100.5349259999999987
21
-73.7158979999999957
0
LINE
8
F.Cu
6
CONTINUOUS
10
100.5349259999999987
20
-73.7158979999999957
11
101.2622360000000015
21
-74.4432079999999985
0
LINE
8
F.Cu
6
CONTINUOUS
10
101.2622360000000015
20
-74.4432079999999985
11
101.2808909999999969
21
-74.4659389999999917
0
LINE
8
F.Cu
6
CONTINUOUS
10
101.2808909999999969
20
-74.4659389999999917
11
101.3032879999999949
21
-74.5200109999999967
0
LINE
8
F.Cu
6
CONTINUOUS
10
101.3032879999999949
20
-74.5200109999999967
11
101.3032879999999949
21
-74.5785369999999972
0
LINE
8
F.Cu
6
CONTINUOUS
10
101.3032879999999949
20
-74.5785369999999972
11
101.2808909999999969
21
-74.6326099999999997
0
LINE
8
F.Cu
6
CONTINUOUS
10
101.2808909999999969
20
-74.6326099999999997
11
101.2395059999999916
21
-74.6739949999999908
0
LINE
8
F.Cu
6
CONTINUOUS
10
101.2395059999999916
20
-74.6739949999999908
11
101.1854329999999891
21
-74.696392000000003
0
LINE
8
F.Cu
6
CONTINUOUS
10
101.1854329999999891
20
-74.696392000000003
11
101.1269069999999886
21
-74.696392000000003
0
LINE
8
F.Cu
6
CONTINUOUS
10
101.1269069999999886
20
-74.696392000000003
11
101.0728349999999978
21
-74.6739949999999908
0
LINE
8
F.Cu
6
CONTINUOUS
10
101.0728349999999978
20
-74.6739949999999908
11
101.0501039999999904
21
-74.6553399999999954
0
LINE
8
F.Cu
6
CONTINUOUS
10
101.0501039999999904
20
-74.6553399999999954
11
100.7925149999999945
21
-74.3977509999999995
0
LINE
8
F.Cu
6
CONTINUOUS
10
100.7925149999999945
20
-74.3977509999999995
11
99.6257889999999975
21
-75.5644769999999966
0
LINE
8
F.Cu
6
CONTINUOUS
10
99.6257889999999975
20
-75.5644769999999966
11
99.6030579999999901
21
-75.583131999999992
0
LINE
8
F.Cu
6
CONTINUOUS
10
99.6030579999999901
20
-75.583131999999992
11
99.5489859999999993
21
-75.60552899999999
0
LINE
8
F.Cu
6
CONTINUOUS
10
99.5489859999999993
20
-75.60552899999999
11
99.4904599999999988
21
-75.60552899999999
0
LINE
8
F.Cu
6
CONTINUOUS
10
99.4904599999999988
20
-75.60552899999999
11
99.4363879999999938
21
-75.583131999999992
0
LINE
8
F.Cu
6
CONTINUOUS
10
99.4363879999999938
20
-75.583131999999992
11
99.395001999999991
21
-75.5417460000000034
0
LINE
8
F.Cu
6
CONTINUOUS
10
99.395001999999991
20
-75.5417460000000034
11
99.372604999999993
21
-75.4876739999999984
0
LINE
8
F.Cu
6
CONTINUOUS
10
99.372604999999993
20
-75.4876739999999984
11
99.372604999999993
21
-75.4291479999999979
0
LINE
8
F.Cu
6
CONTINUOUS
10
99.372604999999993
20
-75.4291479999999979
11
99.395001999999991
21
-75.3750759999999929
0
LINE
8
F.Cu
6
CONTINUOUS
10
99.395001999999991
20
-75.3750759999999929
11
99.4136570000000006
21
-75.3523449999999997
0
LINE
8
F.Cu
6
CONTINUOUS
10
99.4136570000000006
20
-75.3523449999999997
11
100.5803829999999977
21
-74.1856190000000026
0
LINE
8
F.Cu
6
CONTINUOUS
10
100.5803829999999977
20
-74.1856190000000026
11
100.3227940000000018
21
-73.9280299999999926
0
LINE
8
F.Cu
6
CONTINUOUS
10
100.3227940000000018
20
-73.9280299999999926
11
100.3041389999999922
21
-73.9052989999999994
0
LINE
8
F.Cu
6
CONTINUOUS
10
100.3041389999999922
20
-73.9052989999999994
11
100.2817419999999942
21
-73.8512269999999944
0
LINE
8
F.Cu
6
CONTINUOUS
10
100.2817419999999942
20
-73.8512269999999944
11
100.2817419999999942
21
-73.7927009999999939
0
LINE
8
F.Cu
6
CONTINUOUS
10
100.2817419999999942
20
-73.7927009999999939
11
100.3041389999999922
21
-73.7386290000000031
0
LINE
8
F.Cu
6
CONTINUOUS
10
100.3041389999999922
20
-73.7386290000000031
11
100.345524999999995
21
-73.6972430000000003
0
LINE
8
F.Cu
6
CONTINUOUS
10
100.345524999999995
20
-73.6972430000000003
11
100.399597
21
-73.6748460000000023
0
LINE
8
F.Cu
6
CONTINUOUS
10
100.399597
20
-73.6748460000000023
11
100.4581230000000005
21
-73.6748460000000023
0
LINE
8
F.Cu
6
CONTINUOUS
10
100.4581230000000005
20
-73.6748460000000023
11
100.5121949999999913
21
-73.6972430000000003
0
LINE
8
F.Cu
6
CONTINUOUS
10
99.3606219999999922
20
-72.5456690000000037
11
99.402007999999995
21
-72.5870549999999923
0
LINE
8
F.Cu
6
CONTINUOUS
10
99.402007999999995
20
-72.5870549999999923
11
99.424404999999993
21
-72.6411269999999973
0
LINE
8
F.Cu
6
CONTINUOUS
10
99.424404999999993
20
-72.6411269999999973
11
99.424404999999993
21
-72.6996529999999979
0
LINE
8
F.Cu
6
CONTINUOUS
10
99.424404999999993
20
-72.6996529999999979
11
99.402007999999995
21
-72.7537250000000029
0
LINE
8
F.Cu
6
CONTINUOUS
10
99.402007999999995
20
-72.7537250000000029
11
99.3833529999999996
21
-72.776455999999996
0
LINE
8
F.Cu
6
CONTINUOUS
10
99.3833529999999996
20
-72.776455999999996
11
98.8833269999999942
21
-73.2764820000000014
0
LINE
8
F.Cu
6
CONTINUOUS
10
98.8833269999999942
20
-73.2764820000000014
11
99.3985050000000001
21
-73.7916599999999931
0
LINE
8
F.Cu
6
CONTINUOUS
10
99.3985050000000001
20
-73.7916599999999931
11
99.8985309999999913
21
-73.2916340000000019
0
LINE
8
F.Cu
6
CONTINUOUS
10
99.8985309999999913
20
-73.2916340000000019
11
99.9212619999999987
21
-73.2729789999999923
0
LINE
8
F.Cu
6
CONTINUOUS
10
99.9212619999999987
20
-73.2729789999999923
11
99.9753339999999895
21
-73.2505819999999943
0
LINE
8
F.Cu
6
CONTINUOUS
10
99.9753339999999895
20
-73.2505819999999943
11
100.03385999999999
21
-73.2505819999999943
0
LINE
8
F.Cu
6
CONTINUOUS
10
100.03385999999999
20
-73.2505819999999943
11
100.087931999999995
21
-73.2729789999999923
0
LINE
8
F.Cu
6
CONTINUOUS
10
100.087931999999995
20
-73.2729789999999923
11
100.1293179999999978
21
-73.3143649999999951
0
LINE
8
F.Cu
6
CONTINUOUS
10
100.1293179999999978
20
-73.3143649999999951
11
100.1517149999999958
21
-73.3684370000000001
0
LINE
8
F.Cu
6
CONTINUOUS
10
100.1517149999999958
20
-73.3684370000000001
11
100.1517149999999958
21
-73.4269630000000006
0
LINE
8
F.Cu
6
CONTINUOUS
10
100.1517149999999958
20
-73.4269630000000006
11
100.1293179999999978
21
-73.4810349999999914
0
LINE
8
F.Cu
6
CONTINUOUS
10
100.1293179999999978
20
-73.4810349999999914
11
100.1106630000000024
21
-73.5037659999999988
0
LINE
8
F.Cu
6
CONTINUOUS
10
100.1106630000000024
20
-73.5037659999999988
11
98.8378699999999952
21
-74.7765589999999918
0
LINE
8
F.Cu
6
CONTINUOUS
10
98.8378699999999952
20
-74.7765589999999918
11
98.8151390000000021
21
-74.7952140000000014
0
LINE
8
F.Cu
6
CONTINUOUS
10
98.8151390000000021
20
-74.7952140000000014
11
98.7610669999999971
21
-74.8176109999999994
0
LINE
8
F.Cu
6
CONTINUOUS
10
98.7610669999999971
20
-74.8176109999999994
11
98.7025409999999965
21
-74.8176109999999994
0
LINE
8
F.Cu
6
CONTINUOUS
10
98.7025409999999965
20
-74.8176109999999994
11
98.6484689999999915
21
-74.7952140000000014
0
LINE
8
F.Cu
6
CONTINUOUS
10
98.6484689999999915
20
-74.7952140000000014
11
98.6070829999999887
21
-74.7538279999999986
0
LINE
8
F.Cu
6
CONTINUOUS
10
98.6070829999999887
20
-74.7538279999999986
11
98.5846859999999907
21
-74.6997559999999936
0
LINE
8
F.Cu
6
CONTINUOUS
10
98.5846859999999907
20
-74.6997559999999936
11
98.5846859999999907
21
-74.6412299999999931
0
LINE
8
F.Cu
6
CONTINUOUS
10
98.5846859999999907
20
-74.6412299999999931
11
98.6070829999999887
21
-74.5871580000000023
0
LINE
8
F.Cu
6
CONTINUOUS
10
98.6070829999999887
20
-74.5871580000000023
11
98.6257379999999984
21
-74.5644269999999949
0
LINE
8
F.Cu
6
CONTINUOUS
10
98.6257379999999984
20
-74.5644269999999949
11
99.186372999999989
21
-74.00379199999999
0
LINE
8
F.Cu
6
CONTINUOUS
10
99.186372999999989
20
-74.00379199999999
11
98.6711949999999973
21
-73.4886139999999983
0
LINE
8
F.Cu
6
CONTINUOUS
10
98.6711949999999973
20
-73.4886139999999983
11
98.1105599999999924
21
-74.0492490000000032
0
LINE
8
F.Cu
6
CONTINUOUS
10
98.1105599999999924
20
-74.0492490000000032
11
98.0878289999999993
21
-74.0679039999999986
0
LINE
8
F.Cu
6
CONTINUOUS
10
98.0878289999999993
20
-74.0679039999999986
11
98.0337569999999943
21
-74.0903009999999966
0
LINE
8
F.Cu
6
CONTINUOUS
10
98.0337569999999943
20
-74.0903009999999966
11
97.9752309999999937
21
-74.0903009999999966
0
LINE
8
F.Cu
6
CONTINUOUS
10
97.9752309999999937
20
-74.0903009999999966
11
97.9211589999999887
21
-74.0679039999999986
0
LINE
8
F.Cu
6
CONTINUOUS
10
97.9211589999999887
20
-74.0679039999999986
11
97.8797730000000001
21
-74.0265179999999958
0
LINE
8
F.Cu
6
CONTINUOUS
10
97.8797730000000001
20
-74.0265179999999958
11
97.8573760000000021
21
-73.9724459999999908
0
LINE
8
F.Cu
6
CONTINUOUS
10
97.8573760000000021
20
-73.9724459999999908
11
97.8573760000000021
21
-73.9139199999999903
0
LINE
8
F.Cu
6
CONTINUOUS
10
97.8573760000000021
20
-73.9139199999999903
11
97.8797730000000001
21
-73.8598479999999995
0
LINE
8
F.Cu
6
CONTINUOUS
10
97.8797730000000001
20
-73.8598479999999995
11
97.8984279999999956
21
-73.8371169999999921
0
LINE
8
F.Cu
6
CONTINUOUS
10
97.8984279999999956
20
-73.8371169999999921
11
99.1712209999999885
21
-72.5643239999999992
0
LINE
8
F.Cu
6
CONTINUOUS
10
99.1712209999999885
20
-72.5643239999999992
11
99.1939519999999959
21
-72.5456690000000037
0
LINE
8
F.Cu
6
CONTINUOUS
10
99.1939519999999959
20
-72.5456690000000037
11
99.2480240000000009
21
-72.5232719999999915
0
LINE
8
F.Cu
6
CONTINUOUS
10
99.2480240000000009
20
-72.5232719999999915
11
99.3065500000000014
21
-72.5232719999999915
0
LINE
8
F.Cu
6
CONTINUOUS
10
99.3065500000000014
20
-72.5232719999999915
11
99.3606219999999922
21
-72.5456690000000037
0
LINE
8
F.Cu
6
CONTINUOUS
10
96.3974639999999994
20
-70.4625920000000008
11
96.7005099999999942
21
-70.5232010000000002
0
LINE
8
F.Cu
6
CONTINUOUS
10
96.7005099999999942
20
-70.5232010000000002
11
96.7180219999999906
21
-70.5285329999999959
0
LINE
8
F.Cu
6
CONTINUOUS
10
96.7180219999999906
20
-70.5285329999999959
11
96.7216909999999928
21
-70.5290789999999959
0
LINE
8
F.Cu
6
CONTINUOUS
10
96.7216909999999928
20
-70.5290789999999959
11
96.7250689999999906
21
-70.5306779999999947
0
LINE
8
F.Cu
6
CONTINUOUS
10
96.7250689999999906
20
-70.5306779999999947
11
96.7286399999999986
21
-70.5317659999999904
0
LINE
8
F.Cu
6
CONTINUOUS
10
96.7286399999999986
20
-70.5317659999999904
11
96.7317169999999891
21
-70.5338270000000023
0
LINE
8
F.Cu
6
CONTINUOUS
10
96.7317169999999891
20
-70.5338270000000023
11
96.7482669999999985
21
-70.5416639999999973
0
LINE
8
F.Cu
6
CONTINUOUS
10
96.7482669999999985
20
-70.5416639999999973
11
97.0513119999999958
21
-70.7234909999999957
0
LINE
8
F.Cu
6
CONTINUOUS
10
97.0513119999999958
20
-70.7234909999999957
11
97.0749229999999983
21
-70.7410179999999968
0
LINE
8
F.Cu
6
CONTINUOUS
10
97.0749229999999983
20
-70.7410179999999968
11
97.0793120000000016
21
-70.74694199999999
0
LINE
8
F.Cu
6
CONTINUOUS
10
97.0793120000000016
20
-70.74694199999999
11
97.0852339999999998
21
-70.7513299999999958
0
LINE
8
F.Cu
6
CONTINUOUS
10
97.0852339999999998
20
-70.7513299999999958
11
97.1027619999999985
21
-70.7749409999999983
0
LINE
8
F.Cu
6
CONTINUOUS
10
97.1027619999999985
20
-70.7749409999999983
11
97.2845899999999943
21
-71.0779869999999931
0
LINE
8
F.Cu
6
CONTINUOUS
10
97.2845899999999943
20
-71.0779869999999931
11
97.2924249999999944
21
-71.0945329999999984
0
LINE
8
F.Cu
6
CONTINUOUS
10
97.2924249999999944
20
-71.0945329999999984
11
97.2944880000000012
21
-71.0976129999999955
0
LINE
8
F.Cu
6
CONTINUOUS
10
97.2944880000000012
20
-71.0976129999999955
11
97.2955749999999995
21
-71.1011859999999984
0
LINE
8
F.Cu
6
CONTINUOUS
10
97.2955749999999995
20
-71.1011859999999984
11
97.2971749999999957
21
-71.1045629999999989
0
LINE
8
F.Cu
6
CONTINUOUS
10
97.2971749999999957
20
-71.1045629999999989
11
97.2977199999999982
21
-71.1082299999999918
0
LINE
8
F.Cu
6
CONTINUOUS
10
97.2977199999999982
20
-71.1082299999999918
11
97.3030529999999914
21
-71.1257439999999974
0
LINE
8
F.Cu
6
CONTINUOUS
10
97.3030529999999914
20
-71.1257439999999974
11
97.3636619999999908
21
-71.4287889999999948
0
LINE
8
F.Cu
6
CONTINUOUS
10
97.3636619999999908
20
-71.4287889999999948
11
97.3665749999999974
21
-71.4580500000000001
0
LINE
8
F.Cu
6
CONTINUOUS
10
97.3665749999999974
20
-71.4580500000000001
11
97.366542999999993
21
-71.4582070000000016
0
LINE
8
F.Cu
6
CONTINUOUS
10
97.366542999999993
20
-71.4582070000000016
11
97.3665749999999974
21
-71.4583640000000031
0
LINE
8
F.Cu
6
CONTINUOUS
10
97.3665749999999974
20
-71.4583640000000031
11
97.3636619999999908
21
-71.4876249999999942
0
LINE
8
F.Cu
6
CONTINUOUS
10
97.3636619999999908
20
-71.4876249999999942
11
97.3030529999999914
21
-71.7906699999999915
0
LINE
8
F.Cu
6
CONTINUOUS
10
97.3030529999999914
20
-71.7906699999999915
11
97.2944880000000012
21
-71.8188009999999935
0
LINE
8
F.Cu
6
CONTINUOUS
10
97.2944880000000012
20
-71.8188009999999935
11
97.2863109999999978
21
-71.831009999999992
0
LINE
8
F.Cu
6
CONTINUOUS
10
97.2863109999999978
20
-71.831009999999992
11
97.2806870000000004
21
-71.8445889999999991
0
LINE
8
F.Cu
6
CONTINUOUS
10
97.2806870000000004
20
-71.8445889999999991
11
97.2620319999999907
21
-71.8673189999999948
0
LINE
8
F.Cu
6
CONTINUOUS
10
97.2620319999999907
20
-71.8673189999999948
11
96.9589859999999959
21
-72.1703639999999922
0
LINE
8
F.Cu
6
CONTINUOUS
10
96.9589859999999959
20
-72.1703639999999922
11
96.9362549999999885
21
-72.1890190000000018
0
LINE
8
F.Cu
6
CONTINUOUS
10
96.9362549999999885
20
-72.1890190000000018
11
96.9312769999999944
21
-72.1910799999999995
0
LINE
8
F.Cu
6
CONTINUOUS
10
96.9312769999999944
20
-72.1910799999999995
11
96.9272059999999982
21
-72.1946119999999922
0
LINE
8
F.Cu
6
CONTINUOUS
10
96.9272059999999982
20
-72.1946119999999922
11
96.9003549999999905
21
-72.2065999999999946
0
LINE
8
F.Cu
6
CONTINUOUS
10
96.9003549999999905
20
-72.2065999999999946
11
96.7185279999999921
21
-72.2672099999999915
0
LINE
8
F.Cu
6
CONTINUOUS
10
96.7185279999999921
20
-72.2672099999999915
11
96.7128900000000016
21
-72.2684909999999974
0
LINE
8
F.Cu
6
CONTINUOUS
10
96.7128900000000016
20
-72.2684909999999974
11
96.7107120000000009
21
-72.2695810000000023
0
LINE
8
F.Cu
6
CONTINUOUS
10
96.7107120000000009
20
-72.2695810000000023
11
96.7069130000000001
21
-72.269849999999991
0
LINE
8
F.Cu
6
CONTINUOUS
10
96.7069130000000001
20
-72.269849999999991
11
96.6898539999999969
21
-72.2737300000000005
0
LINE
8
F.Cu
6
CONTINUOUS
10
96.6898539999999969
20
-72.2737300000000005
11
96.6710929999999991
21
-72.2723960000000005
0
LINE
8
F.Cu
6
CONTINUOUS
10
96.6710929999999991
20
-72.2723960000000005
11
96.6523320000000012
21
-72.2737300000000005
0
LINE
8
F.Cu
6
CONTINUOUS
10
96.6523320000000012
20
-72.2737300000000005
11
96.635272999999998
21
-72.2698510000000027
0
LINE
8
F.Cu
6
CONTINUOUS
10
96.635272999999998
20
-72.2698510000000027
11
96.6314739999999972
21
-72.2695810000000023
0
LINE
8
F.Cu
6
CONTINUOUS
10
96.6314739999999972
20
-72.2695810000000023
11
96.629294999999999
21
-72.2684909999999974
0
LINE
8
F.Cu
6
CONTINUOUS
10
96.629294999999999
20
-72.2684909999999974
11
96.6236589999999893
21
-72.2672099999999915
0
LINE
8
F.Cu
6
CONTINUOUS
10
96.6236589999999893
20
-72.2672099999999915
11
96.488467
21
-72.2221449999999976
0
LINE
8
F.Cu
6
CONTINUOUS
10
96.488467
20
-72.2221449999999976
11
96.5066879999999969
21
-72.2494769999999988
0
LINE
8
F.Cu
6
CONTINUOUS
10
96.5066879999999969
20
-72.2494769999999988
11
96.5180469999999957
21
-72.3068909999999931
0
LINE
8
F.Cu
6
CONTINUOUS
10
96.5180469999999957
20
-72.3068909999999931
11
96.5065689999999989
21
-72.3642830000000004
0
LINE
8
F.Cu
6
CONTINUOUS
10
96.5065689999999989
20
-72.3642830000000004
11
96.4740010000000012
21
-72.4129119999999915
0
LINE
8
F.Cu
6
CONTINUOUS
10
96.4740010000000012
20
-72.4129119999999915
11
96.4253049999999945
21
-72.445375999999996
0
LINE
8
F.Cu
6
CONTINUOUS
10
96.4253049999999945
20
-72.445375999999996
11
96.3678900000000027
21
-72.4567349999999948
0
LINE
8
F.Cu
6
CONTINUOUS
10
96.3678900000000027
20
-72.4567349999999948
11
96.3386289999999974
21
-72.4538220000000024
0
LINE
8
F.Cu
6
CONTINUOUS
10
96.3386289999999974
20
-72.4538220000000024
11
96.0355840000000001
21
-72.3932130000000029
0
LINE
8
F.Cu
6
CONTINUOUS
10
96.0355840000000001
20
-72.3932130000000029
11
96.0180699999999945
21
-72.3878799999999956
0
LINE
8
F.Cu
6
CONTINUOUS
10
96.0180699999999945
20
-72.3878799999999956
11
96.0144030000000015
21
-72.3873349999999931
0
LINE
8
F.Cu
6
CONTINUOUS
10
96.0144030000000015
20
-72.3873349999999931
11
96.0110260000000011
21
-72.3857349999999968
0
LINE
8
F.Cu
6
CONTINUOUS
10
96.0110260000000011
20
-72.3857349999999968
11
96.0074529999999982
21
-72.3846479999999985
0
LINE
8
F.Cu
6
CONTINUOUS
10
96.0074529999999982
20
-72.3846479999999985
11
96.0043730000000011
21
-72.3825849999999917
0
LINE
8
F.Cu
6
CONTINUOUS
10
96.0043730000000011
20
-72.3825849999999917
11
95.9878269999999958
21
-72.3747499999999917
0
LINE
8
F.Cu
6
CONTINUOUS
10
95.9878269999999958
20
-72.3747499999999917
11
95.684781000000001
21
-72.1929219999999958
0
LINE
8
F.Cu
6
CONTINUOUS
10
95.684781000000001
20
-72.1929219999999958
11
95.6611699999999985
21
-72.1753939999999972
0
LINE
8
F.Cu
6
CONTINUOUS
10
95.6611699999999985
20
-72.1753939999999972
11
95.6567819999999926
21
-72.169471999999999
0
LINE
8
F.Cu
6
CONTINUOUS
10
95.6567819999999926
20
-72.169471999999999
11
95.6508579999999995
21
-72.1650829999999956
0
LINE
8
F.Cu
6
CONTINUOUS
10
95.6508579999999995
20
-72.1650829999999956
11
95.6333309999999983
21
-72.1414719999999932
0
LINE
8
F.Cu
6
CONTINUOUS
10
95.6333309999999983
20
-72.1414719999999932
11
95.4515039999999999
21
-71.8384269999999958
0
LINE
8
F.Cu
6
CONTINUOUS
10
95.4515039999999999
20
-71.8384269999999958
11
95.4436669999999907
21
-71.8218770000000006
0
LINE
8
F.Cu
6
CONTINUOUS
10
95.4436669999999907
20
-71.8218770000000006
11
95.4416059999999931
21
-71.818799999999996
0
LINE
8
F.Cu
6
CONTINUOUS
10
95.4416059999999931
20
-71.818799999999996
11
95.4405179999999973
21
-71.8152290000000022
0
LINE
8
F.Cu
6
CONTINUOUS
10
95.4405179999999973
20
-71.8152290000000022
11
95.4389189999999985
21
-71.8118509999999901
0
LINE
8
F.Cu
6
CONTINUOUS
10
95.4389189999999985
20
-71.8118509999999901
11
95.4383729999999986
21
-71.8081820000000022
0
LINE
8
F.Cu
6
CONTINUOUS
10
95.4383729999999986
20
-71.8081820000000022
11
95.4330409999999887
21
-71.7906699999999915
0
LINE
8
F.Cu
6
CONTINUOUS
10
95.4330409999999887
20
-71.7906699999999915
11
95.3724319999999892
21
-71.4876239999999967
0
LINE
8
F.Cu
6
CONTINUOUS
10
95.3724319999999892
20
-71.4876239999999967
11
95.3695189999999968
21
-71.4583629999999914
0
LINE
8
F.Cu
6
CONTINUOUS
10
95.3695189999999968
20
-71.4583629999999914
11
95.3695489999999921
21
-71.4582070000000016
0
LINE
8
F.Cu
6
CONTINUOUS
10
95.3695489999999921
20
-71.4582070000000016
11
95.3695189999999968
21
-71.4580509999999975
0
LINE
8
F.Cu
6
CONTINUOUS
10
95.3695189999999968
20
-71.4580509999999975
11
95.3724319999999892
21
-71.4287899999999922
0
LINE
8
F.Cu
6
CONTINUOUS
10
95.3724319999999892
20
-71.4287899999999922
11
95.4330409999999887
21
-71.1257439999999974
0
LINE
8
F.Cu
6
CONTINUOUS
10
95.4330409999999887
20
-71.1257439999999974
11
95.4383729999999986
21
-71.1082310000000035
0
LINE
8
F.Cu
6
CONTINUOUS
10
95.4383729999999986
20
-71.1082310000000035
11
95.4389189999999985
21
-71.1045629999999989
0
LINE
8
F.Cu
6
CONTINUOUS
10
95.4389189999999985
20
-71.1045629999999989
11
95.4405179999999973
21
-71.1011840000000035
0
LINE
8
F.Cu
6
CONTINUOUS
10
95.4405179999999973
20
-71.1011840000000035
11
95.4416059999999931
21
-71.097613999999993
0
LINE
8
F.Cu
6
CONTINUOUS
10
95.4416059999999931
20
-71.097613999999993
11
95.4436669999999907
21
-71.0945359999999908
0
LINE
8
F.Cu
6
CONTINUOUS
10
95.4436669999999907
20
-71.0945359999999908
11
95.4515039999999999
21
-71.0779869999999931
0
LINE
8
F.Cu
6
CONTINUOUS
10
95.4515039999999999
20
-71.0779869999999931
11
95.6333309999999983
21
-70.7749409999999983
0
LINE
8
F.Cu
6
CONTINUOUS
10
95.6333309999999983
20
-70.7749409999999983
11
95.6508579999999995
21
-70.7513299999999958
0
LINE
8
F.Cu
6
CONTINUOUS
10
95.6508579999999995
20
-70.7513299999999958
11
95.6567809999999952
21
-70.7469409999999925
0
LINE
8
F.Cu
6
CONTINUOUS
10
95.6567809999999952
20
-70.7469409999999925
11
95.6611699999999985
21
-70.7410179999999968
0
LINE
8
F.Cu
6
CONTINUOUS
10
95.6611699999999985
20
-70.7410179999999968
11
95.684781000000001
21
-70.7234909999999957
0
LINE
8
F.Cu
6
CONTINUOUS
10
95.684781000000001
20
-70.7234909999999957
11
95.9878269999999958
21
-70.5416639999999973
0
LINE
8
F.Cu
6
CONTINUOUS
10
95.9878269999999958
20
-70.5416639999999973
11
96.0043730000000011
21
-70.5338279999999997
0
LINE
8
F.Cu
6
CONTINUOUS
10
96.0043730000000011
20
-70.5338279999999997
11
96.0074529999999982
21
-70.5317659999999904
0
LINE
8
F.Cu
6
CONTINUOUS
10
96.0074529999999982
20
-70.5317659999999904
11
96.0110260000000011
21
-70.5306779999999947
0
LINE
8
F.Cu
6
CONTINUOUS
10
96.0110260000000011
20
-70.5306779999999947
11
96.0144030000000015
21
-70.5290789999999959
0
LINE
8
F.Cu
6
CONTINUOUS
10
96.0144030000000015
20
-70.5290789999999959
11
96.0180699999999945
21
-70.5285329999999959
0
LINE
8
F.Cu
6
CONTINUOUS
10
96.0180699999999945
20
-70.5285329999999959
11
96.0355840000000001
21
-70.5232010000000002
0
LINE
8
F.Cu
6
CONTINUOUS
10
96.0355840000000001
20
-70.5232010000000002
11
96.3386289999999974
21
-70.4625920000000008
0
LINE
8
F.Cu
6
CONTINUOUS
10
96.3386289999999974
20
-70.4625920000000008
11
96.3678900000000027
21
-70.4596789999999942
0
LINE
8
F.Cu
6
CONTINUOUS
10
96.3678900000000027
20
-70.4596789999999942
11
96.3680459999999925
21
-70.4597090000000037
0
LINE
8
F.Cu
6
CONTINUOUS
10
96.3680459999999925
20
-70.4597090000000037
11
96.3682029999999941
21
-70.4596789999999942
0
LINE
8
F.Cu
6
CONTINUOUS
10
96.3682029999999941
20
-70.4596789999999942
11
96.3974639999999994
21
-70.4625920000000008
0
LINE
8
F.Cu
6
CONTINUOUS
10
96.1198949999999996
20
-70.8122790000000037
11
95.8712850000000003
21
-70.9614449999999977
0
LINE
8
F.Cu
6
CONTINUOUS
10
95.8712850000000003
20
-70.9614449999999977
11
95.7221189999999922
21
-71.210054999999997
0
LINE
8
F.Cu
6
CONTINUOUS
10
95.7221189999999922
20
-71.210054999999997
11
95.6724889999999988
21
-71.4582070000000016
0
LINE
8
F.Cu
6
CONTINUOUS
10
95.6724889999999988
20
-71.4582070000000016
11
95.7221189999999922
21
-71.7063579999999945
0
LINE
8
F.Cu
6
CONTINUOUS
10
95.7221189999999922
20
-71.7063579999999945
11
95.8712859999999978
21
-71.9549679999999938
0
LINE
8
F.Cu
6
CONTINUOUS
10
95.8712859999999978
20
-71.9549679999999938
11
96.1198969999999946
21
-72.1041340000000019
0
LINE
8
F.Cu
6
CONTINUOUS
10
96.1198969999999946
20
-72.1041340000000019
11
96.3662369999999981
21
-72.1534019999999998
0
LINE
8
F.Cu
6
CONTINUOUS
10
96.3662369999999981
20
-72.1534019999999998
11
96.3225899999999911
21
-72.1097549999999927
0
LINE
8
F.Cu
6
CONTINUOUS
10
96.3225899999999911
20
-72.1097549999999927
11
96.3039349999999956
21
-72.0870239999999995
0
LINE
8
F.Cu
6
CONTINUOUS
10
96.3039349999999956
20
-72.0870239999999995
11
96.2867509999999953
21
-72.0455369999999959
0
LINE
8
F.Cu
6
CONTINUOUS
10
96.2867509999999953
20
-72.0455369999999959
11
96.2815379999999976
21
-72.032952999999992
0
LINE
8
F.Cu
6
CONTINUOUS
10
96.2815379999999976
20
-72.032952999999992
11
96.2812359999999927
21
-72.0298899999999946
0
LINE
8
F.Cu
6
CONTINUOUS
10
96.2812359999999927
20
-72.0298899999999946
11
96.2781739999999928
21
-72.0295890000000014
0
LINE
8
F.Cu
6
CONTINUOUS
10
96.2781739999999928
20
-72.0295890000000014
11
96.2745109999999897
21
-72.0280709999999971
0
LINE
8
F.Cu
6
CONTINUOUS
10
96.2745109999999897
20
-72.0280709999999971
11
96.260003999999995
21
-72.0247729999999962
0
LINE
8
F.Cu
6
CONTINUOUS
10
96.260003999999995
20
-72.0247729999999962
11
96.0781759999999991
21
-71.9641649999999942
0
LINE
8
F.Cu
6
CONTINUOUS
10
96.0781759999999991
20
-71.9641649999999942
11
96.0513249999999914
21
-71.9521759999999944
0
LINE
8
F.Cu
6
CONTINUOUS
10
96.0513249999999914
20
-71.9521759999999944
11
96.0472539999999952
21
-71.9486449999999991
0
LINE
8
F.Cu
6
CONTINUOUS
10
96.0472539999999952
20
-71.9486449999999991
11
96.0422749999999894
21
-71.9465829999999897
0
LINE
8
F.Cu
6
CONTINUOUS
10
96.0422749999999894
20
-71.9465829999999897
11
96.0195439999999962
21
-71.9279279999999943
0
LINE
8
F.Cu
6
CONTINUOUS
10
96.0195439999999962
20
-71.9279279999999943
11
95.8983259999999973
21
-71.8067099999999954
0
LINE
8
F.Cu
6
CONTINUOUS
10
95.8983259999999973
20
-71.8067099999999954
11
95.8796710000000019
21
-71.7839790000000022
0
LINE
8
F.Cu
6
CONTINUOUS
10
95.8796710000000019
20
-71.7839790000000022
11
95.8776079999999951
21
-71.7789989999999989
0
LINE
8
F.Cu
6
CONTINUOUS
10
95.8776079999999951
20
-71.7789989999999989
11
95.8740769999999998
21
-71.7749280000000027
0
LINE
8
F.Cu
6
CONTINUOUS
10
95.8740769999999998
20
-71.7749280000000027
11
95.8620889999999974
21
-71.7480779999999925
0
LINE
8
F.Cu
6
CONTINUOUS
10
95.8620889999999974
20
-71.7480779999999925
11
95.801479999999998
21
-71.5662499999999966
0
LINE
8
F.Cu
6
CONTINUOUS
10
95.801479999999998
20
-71.5662499999999966
11
95.7981800000000021
21
-71.5517370000000028
0
LINE
8
F.Cu
6
CONTINUOUS
10
95.7981800000000021
20
-71.5517370000000028
11
95.7966649999999902
21
-71.5480799999999988
0
LINE
8
F.Cu
6
CONTINUOUS
10
95.7966649999999902
20
-71.5480799999999988
11
95.796141999999989
21
-71.542777000000001
0
LINE
8
F.Cu
6
CONTINUOUS
10
95.796141999999989
20
-71.542777000000001
11
95.794959999999989
21
-71.5375760000000014
0
LINE
8
F.Cu
6
CONTINUOUS
10
95.794959999999989
20
-71.5375760000000014
11
95.7952409999999901
21
-71.5336209999999966
0
LINE
8
F.Cu
6
CONTINUOUS
10
95.7952409999999901
20
-71.5336209999999966
11
95.7937829999999906
21
-71.5188160000000011
0
LINE
8
F.Cu
6
CONTINUOUS
10
95.7937829999999906
20
-71.5188160000000011
11
95.7937829999999906
21
-71.3975980000000021
0
LINE
8
F.Cu
6
CONTINUOUS
10
95.7937829999999906
20
-71.3975980000000021
11
95.7952409999999901
21
-71.3827919999999949
0
LINE
8
F.Cu
6
CONTINUOUS
10
95.7952409999999901
20
-71.3827919999999949
11
95.794959999999989
21
-71.3788380000000018
0
LINE
8
F.Cu
6
CONTINUOUS
10
95.794959999999989
20
-71.3788380000000018
11
95.796141999999989
21
-71.3736359999999905
0
LINE
8
F.Cu
6
CONTINUOUS
10
95.796141999999989
20
-71.3736359999999905
11
95.7966649999999902
21
-71.3683339999999902
0
LINE
8
F.Cu
6
CONTINUOUS
10
95.7966649999999902
20
-71.3683339999999902
11
95.7981800000000021
21
-71.3646760000000029
0
LINE
8
F.Cu
6
CONTINUOUS
10
95.7981800000000021
20
-71.3646760000000029
11
95.801479999999998
21
-71.3501639999999924
0
LINE
8
F.Cu
6
CONTINUOUS
10
95.801479999999998
20
-71.3501639999999924
11
95.8620889999999974
21
-71.1683359999999965
0
LINE
8
F.Cu
6
CONTINUOUS
10
95.8620889999999974
20
-71.1683359999999965
11
95.8740769999999998
21
-71.1414860000000004
0
LINE
8
F.Cu
6
CONTINUOUS
10
95.8740769999999998
20
-71.1414860000000004
11
95.8776079999999951
21
-71.1374139999999926
0
LINE
8
F.Cu
6
CONTINUOUS
10
95.8776079999999951
20
-71.1374139999999926
11
95.8796710000000019
21
-71.132435000000001
0
LINE
8
F.Cu
6
CONTINUOUS
10
95.8796710000000019
20
-71.132435000000001
11
95.8983259999999973
21
-71.1097039999999936
0
LINE
8
F.Cu
6
CONTINUOUS
10
95.8983259999999973
20
-71.1097039999999936
11
96.0195439999999962
21
-70.9884859999999946
0
LINE
8
F.Cu
6
CONTINUOUS
10
96.0195439999999962
20
-70.9884859999999946
11
96.0422749999999894
21
-70.9698309999999992
0
LINE
8
F.Cu
6
CONTINUOUS
10
96.0422749999999894
20
-70.9698309999999992
11
96.0472539999999952
21
-70.9677679999999924
0
LINE
8
F.Cu
6
CONTINUOUS
10
96.0472539999999952
20
-70.9677679999999924
11
96.0513249999999914
21
-70.9642379999999946
0
LINE
8
F.Cu
6
CONTINUOUS
10
96.0513249999999914
20
-70.9642379999999946
11
96.0781759999999991
21
-70.9522489999999948
0
LINE
8
F.Cu
6
CONTINUOUS
10
96.0781759999999991
20
-70.9522489999999948
11
96.260003999999995
21
-70.8916409999999928
0
LINE
8
F.Cu
6
CONTINUOUS
10
96.260003999999995
20
-70.8916409999999928
11
96.2745109999999897
21
-70.8883419999999944
0
LINE
8
F.Cu
6
CONTINUOUS
10
96.2745109999999897
20
-70.8883419999999944
11
96.2781739999999928
21
-70.8868250000000018
0
LINE
8
F.Cu
6
CONTINUOUS
10
96.2781739999999928
20
-70.8868250000000018
11
96.2834819999999922
21
-70.8863020000000006
0
LINE
8
F.Cu
6
CONTINUOUS
10
96.2834819999999922
20
-70.8863020000000006
11
96.2886769999999927
21
-70.885120999999998
0
LINE
8
F.Cu
6
CONTINUOUS
10
96.2886769999999927
20
-70.885120999999998
11
96.2926259999999985
21
-70.8854010000000017
0
LINE
8
F.Cu
6
CONTINUOUS
10
96.2926259999999985
20
-70.8854010000000017
11
96.3074379999999906
21
-70.8839430000000021
0
LINE
8
F.Cu
6
CONTINUOUS
10
96.3074379999999906
20
-70.8839430000000021
11
96.4286559999999895
21
-70.8839430000000021
0
LINE
8
F.Cu
6
CONTINUOUS
10
96.4286559999999895
20
-70.8839430000000021
11
96.4434669999999983
21
-70.8854010000000017
0
LINE
8
F.Cu
6
CONTINUOUS
10
96.4434669999999983
20
-70.8854010000000017
11
96.4474170000000015
21
-70.885120999999998
0
LINE
8
F.Cu
6
CONTINUOUS
10
96.4474170000000015
20
-70.885120999999998
11
96.4526109999999903
21
-70.8863020000000006
0
LINE
8
F.Cu
6
CONTINUOUS
10
96.4526109999999903
20
-70.8863020000000006
11
96.4579200000000014
21
-70.8868250000000018
0
LINE
8
F.Cu
6
CONTINUOUS
10
96.4579200000000014
20
-70.8868250000000018
11
96.4615819999999928
21
-70.8883419999999944
0
LINE
8
F.Cu
6
CONTINUOUS
10
96.4615819999999928
20
-70.8883419999999944
11
96.4760899999999992
21
-70.8916409999999928
0
LINE
8
F.Cu
6
CONTINUOUS
10
96.4760899999999992
20
-70.8916409999999928
11
96.6579169999999976
21
-70.9522489999999948
0
LINE
8
F.Cu
6
CONTINUOUS
10
96.6579169999999976
20
-70.9522489999999948
11
96.6847679999999912
21
-70.9642379999999946
0
LINE
8
F.Cu
6
CONTINUOUS
10
96.6847679999999912
20
-70.9642379999999946
11
96.6888379999999898
21
-70.9677679999999924
0
LINE
8
F.Cu
6
CONTINUOUS
10
96.6888379999999898
20
-70.9677679999999924
11
96.6938179999999932
21
-70.9698309999999992
0
LINE
8
F.Cu
6
CONTINUOUS
10
96.6938179999999932
20
-70.9698309999999992
11
96.7165490000000005
21
-70.9884859999999946
0
LINE
8
F.Cu
6
CONTINUOUS
10
96.7165490000000005
20
-70.9884859999999946
11
96.837767999999997
21
-71.1097039999999936
0
LINE
8
F.Cu
6
CONTINUOUS
10
96.837767999999997
20
-71.1097039999999936
11
96.8564229999999924
21
-71.1324340000000035
0
LINE
8
F.Cu
6
CONTINUOUS
10
96.8564229999999924
20
-71.1324340000000035
11
96.8584859999999992
21
-71.1374149999999901
0
LINE
8
F.Cu
6
CONTINUOUS
10
96.8584859999999992
20
-71.1374149999999901
11
96.862015999999997
21
-71.141485000000003
0
LINE
8
F.Cu
6
CONTINUOUS
10
96.862015999999997
20
-71.141485000000003
11
96.8740049999999968
21
-71.1683359999999965
0
LINE
8
F.Cu
6
CONTINUOUS
10
96.8740049999999968
20
-71.1683359999999965
11
96.9013860000000022
21
-71.250479999999996
0
LINE
8
F.Cu
6
CONTINUOUS
10
96.9013860000000022
20
-71.250479999999996
11
96.9427919999999972
21
-71.250479999999996
0
LINE
8
F.Cu
6
CONTINUOUS
10
96.9427919999999972
20
-71.250479999999996
11
96.9968640000000022
21
-71.272876999999994
0
LINE
8
F.Cu
6
CONTINUOUS
10
96.9968640000000022
20
-71.272876999999994
11
97.0339570000000009
21
-71.3099699999999928
0
LINE
8
F.Cu
6
CONTINUOUS
10
97.0339570000000009
20
-71.3099699999999928
11
97.0139739999999904
21
-71.2100569999999919
0
LINE
8
F.Cu
6
CONTINUOUS
10
97.0139739999999904
20
-71.2100569999999919
11
96.8648079999999965
21
-70.9614459999999951
0
LINE
8
F.Cu
6
CONTINUOUS
10
96.8648079999999965
20
-70.9614459999999951
11
96.6161979999999971
21
-70.8122790000000037
0
LINE
8
F.Cu
6
CONTINUOUS
10
96.6161979999999971
20
-70.8122790000000037
11
96.3680459999999925
21
-70.7626489999999961
0
LINE
8
F.Cu
6
CONTINUOUS
10
96.3680459999999925
20
-70.7626489999999961
11
96.1198949999999996
21
-70.8122790000000037
0
LINE
8
F.Cu
6
CONTINUOUS
10
97.0382499999999908
20
-71.4809329999999932
11
97.0195949999999954
21
-71.5036640000000006
0
LINE
8
F.Cu
6
CONTINUOUS
10
97.0195949999999954
20
-71.5036640000000006
11
96.5851219999999984
21
-71.9381360000000001
0
LINE
8
F.Cu
6
CONTINUOUS
10
96.5851219999999984
20
-71.9381360000000001
11
96.6710920000000016
21
-71.966793999999993
0
LINE
8
F.Cu
6
CONTINUOUS
10
96.6710920000000016
20
-71.966793999999993
11
96.771891999999994
21
-71.9331930000000028
0
LINE
8
F.Cu
6
CONTINUOUS
10
96.771891999999994
20
-71.9331930000000028
11
97.0177849999999893
21
-71.6872999999999934
0
LINE
8
F.Cu
6
CONTINUOUS
10
97.0177849999999893
20
-71.6872999999999934
11
97.063603999999998
21
-71.4582070000000016
0
LINE
8
F.Cu
6
CONTINUOUS
10
97.063603999999998
20
-71.4582070000000016
11
97.0584130000000016
21
-71.4322519999999912
0
LINE
8
F.Cu
6
CONTINUOUS
10
97.0584130000000016
20
-71.4322519999999912
11
97.0382499999999908
21
-71.4809329999999932
0
LINE
8
F.Cu
6
CONTINUOUS
10
96.2066359999999889
20
-71.2256569999999982
11
96.1354959999999892
21
-71.296796999999998
0
LINE
8
F.Cu
6
CONTINUOUS
10
96.1354959999999892
20
-71.296796999999998
11
96.0937830000000019
21
-71.4219399999999922
0
LINE
8
F.Cu
6
CONTINUOUS
10
96.0937830000000019
20
-71.4219399999999922
11
96.0937830000000019
21
-71.4944729999999993
0
LINE
8
F.Cu
6
CONTINUOUS
10
96.0937830000000019
20
-71.4944729999999993
11
96.1354959999999892
21
-71.6196159999999935
0
LINE
8
F.Cu
6
CONTINUOUS
10
96.1354959999999892
20
-71.6196159999999935
11
96.2066359999999889
21
-71.6907559999999933
0
LINE
8
F.Cu
6
CONTINUOUS
10
96.2066359999999889
20
-71.6907559999999933
11
96.3317809999999923
21
-71.7324709999999897
0
LINE
8
F.Cu
6
CONTINUOUS
10
96.3317809999999923
20
-71.7324709999999897
11
96.3665239999999983
21
-71.7324709999999897
0
LINE
8
F.Cu
6
CONTINUOUS
10
96.3665239999999983
20
-71.7324709999999897
11
96.6423109999999923
21
-71.4566839999999956
0
LINE
8
F.Cu
6
CONTINUOUS
10
96.6423109999999923
20
-71.4566839999999956
11
96.6423109999999923
21
-71.4219399999999922
0
LINE
8
F.Cu
6
CONTINUOUS
10
96.6423109999999923
20
-71.4219399999999922
11
96.6005959999999959
21
-71.2967960000000005
0
LINE
8
F.Cu
6
CONTINUOUS
10
96.6005959999999959
20
-71.2967960000000005
11
96.5294549999999987
21
-71.2256560000000007
0
LINE
8
F.Cu
6
CONTINUOUS
10
96.5294549999999987
20
-71.2256560000000007
11
96.4043159999999943
21
-71.1839429999999993
0
LINE
8
F.Cu
6
CONTINUOUS
10
96.4043159999999943
20
-71.1839429999999993
11
96.3317809999999923
21
-71.1839429999999993
0
LINE
8
F.Cu
6
CONTINUOUS
10
96.3317809999999923
20
-71.1839429999999993
11
96.2066359999999889
21
-71.2256569999999982
0
LINE
8
F.Cu
6
CONTINUOUS
10
111.6683519999999987
20
-57.5115649999999974
11
111.7718610000000012
21
-57.5621679999999998
0
LINE
8
F.Cu
6
CONTINUOUS
10
111.7718610000000012
20
-57.5621679999999998
11
111.8533309999999972
21
-57.6436379999999957
0
LINE
8
F.Cu
6
CONTINUOUS
10
111.8533309999999972
20
-57.6436379999999957
11
111.9039339999999925
21
-57.7471469999999982
0
LINE
8
F.Cu
6
CONTINUOUS
10
111.9039339999999925
20
-57.7471469999999982
11
111.9184839999999923
21
-57.847014999999999
0
LINE
8
F.Cu
6
CONTINUOUS
10
111.9184839999999923
20
-57.847014999999999
11
111.9184839999999923
21
-58.5470149999999947
0
LINE
8
F.Cu
6
CONTINUOUS
10
111.9184839999999923
20
-58.5470149999999947
11
111.9039339999999925
21
-58.6468829999999954
0
LINE
8
F.Cu
6
CONTINUOUS
10
111.9039339999999925
20
-58.6468829999999954
11
111.8533309999999972
21
-58.7503919999999979
0
LINE
8
F.Cu
6
CONTINUOUS
10
111.8533309999999972
20
-58.7503919999999979
11
111.7718610000000012
21
-58.8318619999999939
0
LINE
8
F.Cu
6
CONTINUOUS
10
111.7718610000000012
20
-58.8318619999999939
11
111.6683519999999987
21
-58.8824649999999963
0
LINE
8
F.Cu
6
CONTINUOUS
10
111.6683519999999987
20
-58.8824649999999963
11
111.568483999999998
21
-58.8970149999999961
0
LINE
8
F.Cu
6
CONTINUOUS
10
111.568483999999998
20
-58.8970149999999961
11
110.0084839999999957
21
-58.8970149999999961
0
LINE
8
F.Cu
6
CONTINUOUS
10
110.0084839999999957
20
-58.8970149999999961
11
110.0084839999999957
21
-59.513264999999997
0
LINE
8
F.Cu
6
CONTINUOUS
10
110.0084839999999957
20
-59.513264999999997
11
110.0046409999999923
21
-59.5522829999999956
0
LINE
8
F.Cu
6
CONTINUOUS
10
110.0046409999999923
20
-59.5522829999999956
11
109.9747780000000006
21
-59.6243789999999976
0
LINE
8
F.Cu
6
CONTINUOUS
10
109.9747780000000006
20
-59.6243789999999976
11
109.9499059999999986
21
-59.6546859999999981
0
LINE
8
F.Cu
6
CONTINUOUS
10
109.9499059999999986
20
-59.6546859999999981
11
109.2661549999999977
21
-60.3384359999999944
0
LINE
8
F.Cu
6
CONTINUOUS
10
109.2661549999999977
20
-60.3384359999999944
11
109.2358479999999901
21
-60.3633089999999939
0
LINE
8
F.Cu
6
CONTINUOUS
10
109.2358479999999901
20
-60.3633089999999939
11
109.1637519999999881
21
-60.3931719999999999
0
LINE
8
F.Cu
6
CONTINUOUS
10
109.1637519999999881
20
-60.3931719999999999
11
109.1247339999999895
21
-60.3970149999999961
0
LINE
8
F.Cu
6
CONTINUOUS
10
109.1247339999999895
20
-60.3970149999999961
11
103.1475769999999983
21
-60.3970149999999961
0
LINE
8
F.Cu
6
CONTINUOUS
10
103.1475769999999983
20
-60.3970149999999961
11
102.5547339999999963
21
-60.9898570000000007
0
LINE
8
F.Cu
6
CONTINUOUS
10
102.5547339999999963
20
-60.9898570000000007
11
102.5547339999999963
21
-63.4241719999999987
0
LINE
8
F.Cu
6
CONTINUOUS
10
102.5547339999999963
20
-63.4241719999999987
11
103.1975769999999955
21
-64.0670149999999978
0
LINE
8
F.Cu
6
CONTINUOUS
10
103.1975769999999955
20
-64.0670149999999978
11
104.7523179999999883
21
-64.0670149999999978
0
LINE
8
F.Cu
6
CONTINUOUS
10
104.7523179999999883
20
-64.0670149999999978
11
104.7733130000000017
21
-64.0355940000000032
0
LINE
8
F.Cu
6
CONTINUOUS
10
104.7733130000000017
20
-64.0355940000000032
11
104.8381969999999939
21
-63.9922389999999979
0
LINE
8
F.Cu
6
CONTINUOUS
10
104.8381969999999939
20
-63.9922389999999979
11
104.9147339999999957
21
-63.9770149999999944
0
LINE
8
F.Cu
6
CONTINUOUS
10
104.9147339999999957
20
-63.9770149999999944
11
106.0247339999999951
21
-63.9770149999999944
0
LINE
8
F.Cu
6
CONTINUOUS
10
106.0247339999999951
20
-63.9770149999999944
11
106.0247339999999951
21
-63.7970149999999947
0
LINE
8
F.Cu
6
CONTINUOUS
10
106.0247339999999951
20
-63.7970149999999947
11
106.0285769999999985
21
-63.757996999999996
0
LINE
8
F.Cu
6
CONTINUOUS
10
106.0285769999999985
20
-63.757996999999996
11
106.0584399999999903
21
-63.6859009999999941
0
LINE
8
F.Cu
6
CONTINUOUS
10
106.0584399999999903
20
-63.6859009999999941
11
106.0833129999999898
21
-63.6555939999999936
0
LINE
8
F.Cu
6
CONTINUOUS
10
106.0833129999999898
20
-63.6555939999999936
11
106.5377309999999937
21
-63.2011749999999992
0
LINE
8
F.Cu
6
CONTINUOUS
10
106.5377309999999937
20
-63.2011749999999992
11
106.4783899999999903
21
-63.1418339999999958
0
LINE
8
F.Cu
6
CONTINUOUS
10
106.4783899999999903
20
-63.1418339999999958
11
106.4065999999999974
21
-63.0174909999999997
0
LINE
8
F.Cu
6
CONTINUOUS
10
106.4065999999999974
20
-63.0174909999999997
11
106.3694389999999999
21
-62.8788039999999953
0
LINE
8
F.Cu
6
CONTINUOUS
10
106.3694389999999999
20
-62.8788039999999953
11
106.3694389999999999
21
-62.7352259999999973
0
LINE
8
F.Cu
6
CONTINUOUS
10
106.3694389999999999
20
-62.7352259999999973
11
106.4065999999999974
21
-62.5965389999999999
0
LINE
8
F.Cu
6
CONTINUOUS
10
106.4065999999999974
20
-62.5965389999999999
11
106.4783899999999903
21
-62.4721959999999967
0
LINE
8
F.Cu
6
CONTINUOUS
10
106.4783899999999903
20
-62.4721959999999967
11
106.5799149999999997
21
-62.3706709999999944
0
LINE
8
F.Cu
6
CONTINUOUS
10
106.5799149999999997
20
-62.3706709999999944
11
106.7042579999999958
21
-62.2988809999999944
0
LINE
8
F.Cu
6
CONTINUOUS
10
106.7042579999999958
20
-62.2988809999999944
11
106.8429450000000003
21
-62.2617199999999968
0
LINE
8
F.Cu
6
CONTINUOUS
10
106.8429450000000003
20
-62.2617199999999968
11
106.9147339999999957
21
-62.2570149999999956
0
LINE
8
F.Cu
6
CONTINUOUS
10
106.9147339999999957
20
-62.2570149999999956
11
107.51473399999999
21
-62.2570149999999956
0
LINE
8
F.Cu
6
CONTINUOUS
10
107.51473399999999
20
-62.2570149999999956
11
107.5865229999999997
21
-62.2617199999999968
0
LINE
8
F.Cu
6
CONTINUOUS
10
107.5865229999999997
20
-62.2617199999999968
11
107.7252099999999899
21
-62.2988809999999944
0
LINE
8
F.Cu
6
CONTINUOUS
10
107.7252099999999899
20
-62.2988809999999944
11
107.8495530000000002
21
-62.3706709999999944
0
LINE
8
F.Cu
6
CONTINUOUS
10
107.8495530000000002
20
-62.3706709999999944
11
107.9510779999999954
21
-62.4721959999999967
0
LINE
8
F.Cu
6
CONTINUOUS
10
107.9510779999999954
20
-62.4721959999999967
11
108.0228679999999883
21
-62.5965389999999999
0
LINE
8
F.Cu
6
CONTINUOUS
10
108.0228679999999883
20
-62.5965389999999999
11
108.0256749999999926
21
-62.607014999999997
0
LINE
8
F.Cu
6
CONTINUOUS
10
108.0256749999999926
20
-62.607014999999997
11
110.2037929999999903
21
-62.607014999999997
0
LINE
8
F.Cu
6
CONTINUOUS
10
110.2037929999999903
20
-62.607014999999997
11
110.2065999999999946
21
-62.5965389999999999
0
LINE
8
F.Cu
6
CONTINUOUS
10
110.2065999999999946
20
-62.5965389999999999
11
110.2783900000000017
21
-62.4721959999999967
0
LINE
8
F.Cu
6
CONTINUOUS
10
110.2783900000000017
20
-62.4721959999999967
11
110.3799149999999969
21
-62.3706709999999944
0
LINE
8
F.Cu
6
CONTINUOUS
10
110.3799149999999969
20
-62.3706709999999944
11
110.504257999999993
21
-62.2988809999999944
0
LINE
8
F.Cu
6
CONTINUOUS
10
110.504257999999993
20
-62.2988809999999944
11
110.6429449999999974
21
-62.2617199999999968
0
LINE
8
F.Cu
6
CONTINUOUS
10
110.6429449999999974
20
-62.2617199999999968
11
110.7147339999999929
21
-62.2570149999999956
0
LINE
8
F.Cu
6
CONTINUOUS
10
110.7147339999999929
20
-62.2570149999999956
11
111.3147340000000014
21
-62.2570149999999956
0
LINE
8
F.Cu
6
CONTINUOUS
10
111.3147340000000014
20
-62.2570149999999956
11
111.3865229999999968
21
-62.2617199999999968
0
LINE
8
F.Cu
6
CONTINUOUS
10
111.3865229999999968
20
-62.2617199999999968
11
111.5252100000000013
21
-62.2988809999999944
0
LINE
8
F.Cu
6
CONTINUOUS
10
111.5252100000000013
20
-62.2988809999999944
11
111.6495529999999974
21
-62.3706709999999944
0
LINE
8
F.Cu
6
CONTINUOUS
10
111.6495529999999974
20
-62.3706709999999944
11
111.7510779999999926
21
-62.4721959999999967
0
LINE
8
F.Cu
6
CONTINUOUS
10
111.7510779999999926
20
-62.4721959999999967
11
111.8228679999999997
21
-62.5965389999999999
0
LINE
8
F.Cu
6
CONTINUOUS
10
111.8228679999999997
20
-62.5965389999999999
11
111.8600289999999973
21
-62.7352259999999973
0
LINE
8
F.Cu
6
CONTINUOUS
10
111.8600289999999973
20
-62.7352259999999973
11
111.8600289999999973
21
-62.8788039999999953
0
LINE
8
F.Cu
6
CONTINUOUS
10
111.8600289999999973
20
-62.8788039999999953
11
111.8228679999999997
21
-63.0174909999999997
0
LINE
8
F.Cu
6
CONTINUOUS
10
111.8228679999999997
20
-63.0174909999999997
11
111.7510779999999926
21
-63.1418339999999958
0
LINE
8
F.Cu
6
CONTINUOUS
10
111.7510779999999926
20
-63.1418339999999958
11
111.6495529999999974
21
-63.2433589999999981
0
LINE
8
F.Cu
6
CONTINUOUS
10
111.6495529999999974
20
-63.2433589999999981
11
111.5252100000000013
21
-63.3151489999999981
0
LINE
8
F.Cu
6
CONTINUOUS
10
111.5252100000000013
20
-63.3151489999999981
11
111.3865229999999968
21
-63.3523099999999957
0
LINE
8
F.Cu
6
CONTINUOUS
10
111.3865229999999968
20
-63.3523099999999957
11
111.3147340000000014
21
-63.357014999999997
0
LINE
8
F.Cu
6
CONTINUOUS
10
111.3147340000000014
20
-63.357014999999997
11
111.2147339999999929
21
-63.357014999999997
0
LINE
8
F.Cu
6
CONTINUOUS
10
111.2147339999999929
20
-63.357014999999997
11
111.2147339999999929
21
-70.8970149999999961
0
LINE
8
F.Cu
6
CONTINUOUS
10
111.2147339999999929
20
-70.8970149999999961
11
111.3147340000000014
21
-70.8970149999999961
0
LINE
8
F.Cu
6
CONTINUOUS
10
111.3147340000000014
20
-70.8970149999999961
11
111.3865229999999968
21
-70.9017199999999974
0
LINE
8
F.Cu
6
CONTINUOUS
10
111.3865229999999968
20
-70.9017199999999974
11
111.5252100000000013
21
-70.938880999999995
0
LINE
8
F.Cu
6
CONTINUOUS
10
111.5252100000000013
20
-70.938880999999995
11
111.6495529999999974
21
-71.0106710000000021
0
LINE
8
F.Cu
6
CONTINUOUS
10
111.6495529999999974
20
-71.0106710000000021
11
111.7510779999999926
21
-71.1121959999999973
0
LINE
8
F.Cu
6
CONTINUOUS
10
111.7510779999999926
20
-71.1121959999999973
11
111.8228679999999997
21
-71.2365389999999934
0
LINE
8
F.Cu
6
CONTINUOUS
10
111.8228679999999997
20
-71.2365389999999934
11
111.8600289999999973
21
-71.3752259999999978
0
LINE
8
F.Cu
6
CONTINUOUS
10
111.8600289999999973
20
-71.3752259999999978
11
111.8600289999999973
21
-71.5188040000000029
0
LINE
8
F.Cu
6
CONTINUOUS
10
111.8600289999999973
20
-71.5188040000000029
11
111.8228679999999997
21
-71.6574909999999932
0
LINE
8
F.Cu
6
CONTINUOUS
10
111.8228679999999997
20
-71.6574909999999932
11
111.7510779999999926
21
-71.7818340000000035
0
LINE
8
F.Cu
6
CONTINUOUS
10
111.7510779999999926
20
-71.7818340000000035
11
111.6495529999999974
21
-71.8833589999999987
0
LINE
8
F.Cu
6
CONTINUOUS
10
111.6495529999999974
20
-71.8833589999999987
11
111.5252100000000013
21
-71.9551489999999916
0
LINE
8
F.Cu
6
CONTINUOUS
10
111.5252100000000013
20
-71.9551489999999916
11
111.3865229999999968
21
-71.9923100000000034
0
LINE
8
F.Cu
6
CONTINUOUS
10
111.3865229999999968
20
-71.9923100000000034
11
111.3147340000000014
21
-71.9970149999999904
0
LINE
8
F.Cu
6
CONTINUOUS
10
111.3147340000000014
20
-71.9970149999999904
11
110.7147339999999929
21
-71.9970149999999904
0
LINE
8
F.Cu
6
CONTINUOUS
10
110.7147339999999929
20
-71.9970149999999904
11
110.6429449999999974
21
-71.9923100000000034
0
LINE
8
F.Cu
6
CONTINUOUS
10
110.6429449999999974
20
-71.9923100000000034
11
110.504257999999993
21
-71.9551489999999916
0
LINE
8
F.Cu
6
CONTINUOUS
10
110.504257999999993
20
-71.9551489999999916
11
110.3799149999999969
21
-71.8833589999999987
0
LINE
8
F.Cu
6
CONTINUOUS
10
110.3799149999999969
20
-71.8833589999999987
11
110.2783900000000017
21
-71.7818340000000035
0
LINE
8
F.Cu
6
CONTINUOUS
10
110.2783900000000017
20
-71.7818340000000035
11
110.2065999999999946
21
-71.6574909999999932
0
LINE
8
F.Cu
6
CONTINUOUS
10
110.2065999999999946
20
-71.6574909999999932
11
110.2037929999999903
21
-71.6470149999999961
0
LINE
8
F.Cu
6
CONTINUOUS
10
110.2037929999999903
20
-71.6470149999999961
11
108.0256749999999926
21
-71.6470149999999961
0
LINE
8
F.Cu
6
CONTINUOUS
10
108.0256749999999926
20
-71.6470149999999961
11
108.0228679999999883
21
-71.6574909999999932
0
LINE
8
F.Cu
6
CONTINUOUS
10
108.0228679999999883
20
-71.6574909999999932
11
107.9510779999999954
21
-71.7818340000000035
0
LINE
8
F.Cu
6
CONTINUOUS
10
107.9510779999999954
20
-71.7818340000000035
11
107.8495530000000002
21
-71.8833589999999987
0
LINE
8
F.Cu
6
CONTINUOUS
10
107.8495530000000002
20
-71.8833589999999987
11
107.7252099999999899
21
-71.9551489999999916
0
LINE
8
F.Cu
6
CONTINUOUS
10
107.7252099999999899
20
-71.9551489999999916
11
107.5865229999999997
21
-71.9923100000000034
0
LINE
8
F.Cu
6
CONTINUOUS
10
107.5865229999999997
20
-71.9923100000000034
11
107.51473399999999
21
-71.9970149999999904
0
LINE
8
F.Cu
6
CONTINUOUS
10
107.51473399999999
20
-71.9970149999999904
11
106.9147339999999957
21
-71.9970149999999904
0
LINE
8
F.Cu
6
CONTINUOUS
10
106.9147339999999957
20
-71.9970149999999904
11
106.8429450000000003
21
-71.9923100000000034
0
LINE
8
F.Cu
6
CONTINUOUS
10
106.8429450000000003
20
-71.9923100000000034
11
106.7042579999999958
21
-71.9551489999999916
0
LINE
8
F.Cu
6
CONTINUOUS
10
106.7042579999999958
20
-71.9551489999999916
11
106.5799149999999997
21
-71.8833589999999987
0
LINE
8
F.Cu
6
CONTINUOUS
10
106.5799149999999997
20
-71.8833589999999987
11
106.4783899999999903
21
-71.7818340000000035
0
LINE
8
F.Cu
6
CONTINUOUS
10
106.4783899999999903
20
-71.7818340000000035
11
106.4065999999999974
21
-71.6574909999999932
0
LINE
8
F.Cu
6
CONTINUOUS
10
106.4065999999999974
20
-71.6574909999999932
11
106.3694389999999999
21
-71.5188040000000029
0
LINE
8
F.Cu
6
CONTINUOUS
10
106.3694389999999999
20
-71.5188040000000029
11
106.3694389999999999
21
-71.3752259999999978
0
LINE
8
F.Cu
6
CONTINUOUS
10
106.3694389999999999
20
-71.3752259999999978
11
106.4065999999999974
21
-71.2365389999999934
0
LINE
8
F.Cu
6
CONTINUOUS
10
106.4065999999999974
20
-71.2365389999999934
11
106.4783899999999903
21
-71.1121959999999973
0
LINE
8
F.Cu
6
CONTINUOUS
10
106.4783899999999903
20
-71.1121959999999973
11
106.5377309999999937
21
-71.0528539999999964
0
LINE
8
F.Cu
6
CONTINUOUS
10
106.5377309999999937
20
-71.0528539999999964
11
106.0833129999999898
21
-70.5984359999999924
0
LINE
8
F.Cu
6
CONTINUOUS
10
106.0833129999999898
20
-70.5984359999999924
11
106.0584399999999903
21
-70.568128999999999
0
LINE
8
F.Cu
6
CONTINUOUS
10
106.0584399999999903
20
-70.568128999999999
11
106.0285769999999985
21
-70.4960329999999971
0
LINE
8
F.Cu
6
CONTINUOUS
10
106.0285769999999985
20
-70.4960329999999971
11
106.0247339999999951
21
-70.4570149999999984
0
LINE
8
F.Cu
6
CONTINUOUS
10
106.0247339999999951
20
-70.4570149999999984
11
106.0247339999999951
21
-70.2770149999999916
0
LINE
8
F.Cu
6
CONTINUOUS
10
106.0247339999999951
20
-70.2770149999999916
11
104.8772340000000014
21
-70.2770149999999916
0
LINE
8
F.Cu
6
CONTINUOUS
10
104.8772340000000014
20
-70.2770149999999916
11
104.8150479999999902
21
-70.2646450000000016
0
LINE
8
F.Cu
6
CONTINUOUS
10
104.8150479999999902
20
-70.2646450000000016
11
104.762328999999994
21
-70.2294199999999904
0
LINE
8
F.Cu
6
CONTINUOUS
10
104.762328999999994
20
-70.2294199999999904
11
104.7271039999999971
21
-70.1767009999999942
0
LINE
8
F.Cu
6
CONTINUOUS
10
104.7271039999999971
20
-70.1767009999999942
11
104.7147339999999929
21
-70.1145149999999973
0
LINE
8
F.Cu
6
CONTINUOUS
10
104.7147339999999929
20
-70.1145149999999973
11
104.7147339999999929
21
-70.0420149999999921
0
LINE
8
F.Cu
6
CONTINUOUS
10
104.7147339999999929
20
-70.0420149999999921
11
97.4497339999999923
21
-70.0420149999999921
0
LINE
8
F.Cu
6
CONTINUOUS
10
97.4497339999999923
20
-70.0420149999999921
11
97.4107159999999936
21
-70.038172000000003
0
LINE
8
F.Cu
6
CONTINUOUS
10
97.4107159999999936
20
-70.038172000000003
11
97.3386199999999917
21
-70.008308999999997
0
LINE
8
F.Cu
6
CONTINUOUS
10
97.3386199999999917
20
-70.008308999999997
11
97.3083120000000008
21
-69.9834359999999975
0
LINE
8
F.Cu
6
CONTINUOUS
10
97.3083120000000008
20
-69.9834359999999975
11
96.8333129999999898
21
-69.5084360000000032
0
LINE
8
F.Cu
6
CONTINUOUS
10
96.8333129999999898
20
-69.5084360000000032
11
96.8084399999999903
21
-69.4781289999999956
0
LINE
8
F.Cu
6
CONTINUOUS
10
96.8084399999999903
20
-69.4781289999999956
11
96.7785769999999985
21
-69.4060329999999936
0
LINE
8
F.Cu
6
CONTINUOUS
10
96.7785769999999985
20
-69.4060329999999936
11
96.7747339999999951
21
-69.367014999999995
0
LINE
8
F.Cu
6
CONTINUOUS
10
96.7747339999999951
20
-69.367014999999995
11
96.7747339999999951
21
-68.617014999999995
0
LINE
8
F.Cu
6
CONTINUOUS
10
96.7747339999999951
20
-68.617014999999995
11
96.6247339999999895
21
-68.617014999999995
0
LINE
8
F.Cu
6
CONTINUOUS
10
96.6247339999999895
20
-68.617014999999995
11
96.5290629999999936
21
-68.5979849999999942
0
LINE
8
F.Cu
6
CONTINUOUS
10
96.5290629999999936
20
-68.5979849999999942
11
96.4479570000000024
21
-68.5437919999999963
0
LINE
8
F.Cu
6
CONTINUOUS
10
96.4479570000000024
20
-68.5437919999999963
11
96.3937639999999902
21
-68.4626859999999908
0
LINE
8
F.Cu
6
CONTINUOUS
10
96.3937639999999902
20
-68.4626859999999908
11
96.3747339999999895
21
-68.367014999999995
0
LINE
8
F.Cu
6
CONTINUOUS
10
96.3747339999999895
20
-68.367014999999995
11
96.3747339999999895
21
-67.4670150000000035
0
LINE
8
F.Cu
6
CONTINUOUS
10
96.3747339999999895
20
-67.4670150000000035
11
96.3937639999999902
21
-67.3713439999999935
0
LINE
8
F.Cu
6
CONTINUOUS
10
96.3937639999999902
20
-67.3713439999999935
11
96.4479570000000024
21
-67.2902380000000022
0
LINE
8
F.Cu
6
CONTINUOUS
10
96.4479570000000024
20
-67.2902380000000022
11
96.5290629999999936
21
-67.2360449999999901
0
LINE
8
F.Cu
6
CONTINUOUS
10
96.5290629999999936
20
-67.2360449999999901
11
96.6247339999999895
21
-67.2170150000000035
0
LINE
8
F.Cu
6
CONTINUOUS
10
96.6247339999999895
20
-67.2170150000000035
11
96.7747339999999951
21
-67.2170150000000035
0
LINE
8
F.Cu
6
CONTINUOUS
10
96.7747339999999951
20
-67.2170150000000035
11
96.7747339999999951
21
-66.7070149999999984
0
LINE
8
F.Cu
6
CONTINUOUS
10
96.7747339999999951
20
-66.7070149999999984
11
96.6247339999999895
21
-66.7070149999999984
0
LINE
8
F.Cu
6
CONTINUOUS
10
96.6247339999999895
20
-66.7070149999999984
11
96.5290629999999936
21
-66.6879849999999976
0
LINE
8
F.Cu
6
CONTINUOUS
10
96.5290629999999936
20
-66.6879849999999976
11
96.4479570000000024
21
-66.6337919999999997
0
LINE
8
F.Cu
6
CONTINUOUS
10
96.4479570000000024
20
-66.6337919999999997
11
96.3937639999999902
21
-66.5526859999999942
0
LINE
8
F.Cu
6
CONTINUOUS
10
96.3937639999999902
20
-66.5526859999999942
11
96.3747339999999895
21
-66.4570149999999984
0
LINE
8
F.Cu
6
CONTINUOUS
10
96.3747339999999895
20
-66.4570149999999984
11
96.3747339999999895
21
-65.5570149999999927
0
LINE
8
F.Cu
6
CONTINUOUS
10
96.3747339999999895
20
-65.5570149999999927
11
96.3937639999999902
21
-65.4613439999999969
0
LINE
8
F.Cu
6
CONTINUOUS
10
96.3937639999999902
20
-65.4613439999999969
11
96.4479570000000024
21
-65.3802379999999914
0
LINE
8
F.Cu
6
CONTINUOUS
10
96.4479570000000024
20
-65.3802379999999914
11
96.5290629999999936
21
-65.3260449999999935
0
LINE
8
F.Cu
6
CONTINUOUS
10
96.5290629999999936
20
-65.3260449999999935
11
96.6247339999999895
21
-65.3070149999999927
0
LINE
8
F.Cu
6
CONTINUOUS
10
96.6247339999999895
20
-65.3070149999999927
11
97.3247339999999923
21
-65.3070149999999927
0
LINE
8
F.Cu
6
CONTINUOUS
10
97.3247339999999923
20
-65.3070149999999927
11
97.4204050000000024
21
-65.3260449999999935
0
LINE
8
F.Cu
6
CONTINUOUS
10
97.4204050000000024
20
-65.3260449999999935
11
97.5015109999999936
21
-65.3802379999999914
0
LINE
8
F.Cu
6
CONTINUOUS
10
97.5015109999999936
20
-65.3802379999999914
11
97.5557039999999915
21
-65.4613439999999969
0
LINE
8
F.Cu
6
CONTINUOUS
10
97.5557039999999915
20
-65.4613439999999969
11
97.5747339999999923
21
-65.5570149999999927
0
LINE
8
F.Cu
6
CONTINUOUS
10
97.5747339999999923
20
-65.5570149999999927
11
97.5747339999999923
21
-66.4570149999999984
0
LINE
8
F.Cu
6
CONTINUOUS
10
97.5747339999999923
20
-66.4570149999999984
11
97.5557039999999915
21
-66.5526859999999942
0
LINE
8
F.Cu
6
CONTINUOUS
10
97.5557039999999915
20
-66.5526859999999942
11
97.5015109999999936
21
-66.6337919999999997
0
LINE
8
F.Cu
6
CONTINUOUS
10
97.5015109999999936
20
-66.6337919999999997
11
97.4204050000000024
21
-66.6879849999999976
0
LINE
8
F.Cu
6
CONTINUOUS
10
97.4204050000000024
20
-66.6879849999999976
11
97.3247339999999923
21
-66.7070149999999984
0
LINE
8
F.Cu
6
CONTINUOUS
10
97.3247339999999923
20
-66.7070149999999984
11
97.1747340000000008
21
-66.7070149999999984
0
LINE
8
F.Cu
6
CONTINUOUS
10
97.1747340000000008
20
-66.7070149999999984
11
97.1747340000000008
21
-67.2170150000000035
0
LINE
8
F.Cu
6
CONTINUOUS
10
97.1747340000000008
20
-67.2170150000000035
11
97.3247339999999923
21
-67.2170150000000035
0
LINE
8
F.Cu
6
CONTINUOUS
10
97.3247339999999923
20
-67.2170150000000035
11
97.4204050000000024
21
-67.2360449999999901
0
LINE
8
F.Cu
6
CONTINUOUS
10
97.4204050000000024
20
-67.2360449999999901
11
97.5015109999999936
21
-67.2902380000000022
0
LINE
8
F.Cu
6
CONTINUOUS
10
97.5015109999999936
20
-67.2902380000000022
11
97.5557039999999915
21
-67.3713439999999935
0
LINE
8
F.Cu
6
CONTINUOUS
10
97.5557039999999915
20
-67.3713439999999935
11
97.5747339999999923
21
-67.4670150000000035
0
LINE
8
F.Cu
6
CONTINUOUS
10
97.5747339999999923
20
-67.4670150000000035
11
97.5747339999999923
21
-68.367014999999995
0
LINE
8
F.Cu
6
CONTINUOUS
10
97.5747339999999923
20
-68.367014999999995
11
97.5557039999999915
21
-68.4626859999999908
0
LINE
8
F.Cu
6
CONTINUOUS
10
97.5557039999999915
20
-68.4626859999999908
11
97.5015109999999936
21
-68.5437919999999963
0
LINE
8
F.Cu
6
CONTINUOUS
10
97.5015109999999936
20
-68.5437919999999963
11
97.4204050000000024
21
-68.5979849999999942
0
LINE
8
F.Cu
6
CONTINUOUS
10
97.4204050000000024
20
-68.5979849999999942
11
97.3247339999999923
21
-68.617014999999995
0
LINE
8
F.Cu
6
CONTINUOUS
10
97.3247339999999923
20
-68.617014999999995
11
97.1747340000000008
21
-68.617014999999995
0
LINE
8
F.Cu
6
CONTINUOUS
10
97.1747340000000008
20
-68.617014999999995
11
97.1747340000000008
21
-69.2841719999999981
0
LINE
8
F.Cu
6
CONTINUOUS
10
97.1747340000000008
20
-69.2841719999999981
11
97.5325769999999892
21
-69.6420150000000007
0
LINE
8
F.Cu
6
CONTINUOUS
10
97.5325769999999892
20
-69.6420150000000007
11
104.8111119999999943
21
-69.6420150000000007
0
LINE
8
F.Cu
6
CONTINUOUS
10
104.8111119999999943
20
-69.6420150000000007
11
104.8150479999999902
21
-69.6393849999999901
0
LINE
8
F.Cu
6
CONTINUOUS
10
104.8150479999999902
20
-69.6393849999999901
11
104.8772340000000014
21
-69.6270150000000001
0
LINE
8
F.Cu
6
CONTINUOUS
10
104.8772340000000014
20
-69.6270150000000001
11
107.5722339999999946
21
-69.6270150000000001
0
LINE
8
F.Cu
6
CONTINUOUS
10
107.5722339999999946
20
-69.6270150000000001
11
107.6344199999999915
21
-69.6393849999999901
0
LINE
8
F.Cu
6
CONTINUOUS
10
107.6344199999999915
20
-69.6393849999999901
11
107.6871390000000019
21
-69.6746100000000013
0
LINE
8
F.Cu
6
CONTINUOUS
10
107.6871390000000019
20
-69.6746100000000013
11
107.7223639999999989
21
-69.7273289999999974
0
LINE
8
F.Cu
6
CONTINUOUS
10
107.7223639999999989
20
-69.7273289999999974
11
107.7347339999999889
21
-69.7895149999999944
0
LINE
8
F.Cu
6
CONTINUOUS
10
107.7347339999999889
20
-69.7895149999999944
11
107.7347339999999889
21
-70.1145149999999973
0
LINE
8
F.Cu
6
CONTINUOUS
10
107.7347339999999889
20
-70.1145149999999973
11
107.7223639999999989
21
-70.1767009999999942
0
LINE
8
F.Cu
6
CONTINUOUS
10
107.7223639999999989
20
-70.1767009999999942
11
107.6871390000000019
21
-70.2294199999999904
0
LINE
8
F.Cu
6
CONTINUOUS
10
107.6871390000000019
20
-70.2294199999999904
11
107.6344199999999915
21
-70.2646450000000016
0
LINE
8
F.Cu
6
CONTINUOUS
10
107.6344199999999915
20
-70.2646450000000016
11
107.5722339999999946
21
-70.2770149999999916
0
LINE
8
F.Cu
6
CONTINUOUS
10
107.5722339999999946
20
-70.2770149999999916
11
106.4247340000000008
21
-70.2770149999999916
0
LINE
8
F.Cu
6
CONTINUOUS
10
106.4247340000000008
20
-70.2770149999999916
11
106.4247340000000008
21
-70.3741720000000015
0
LINE
8
F.Cu
6
CONTINUOUS
10
106.4247340000000008
20
-70.3741720000000015
11
106.9475769999999955
21
-70.8970149999999961
0
LINE
8
F.Cu
6
CONTINUOUS
10
106.9475769999999955
20
-70.8970149999999961
11
107.51473399999999
21
-70.8970149999999961
0
LINE
8
F.Cu
6
CONTINUOUS
10
107.51473399999999
20
-70.8970149999999961
11
107.5865229999999997
21
-70.9017199999999974
0
LINE
8
F.Cu
6
CONTINUOUS
10
107.5865229999999997
20
-70.9017199999999974
11
107.7252099999999899
21
-70.938880999999995
0
LINE
8
F.Cu
6
CONTINUOUS
10
107.7252099999999899
20
-70.938880999999995
11
107.8495530000000002
21
-71.0106710000000021
0
LINE
8
F.Cu
6
CONTINUOUS
10
107.8495530000000002
20
-71.0106710000000021
11
107.9510779999999954
21
-71.1121959999999973
0
LINE
8
F.Cu
6
CONTINUOUS
10
107.9510779999999954
20
-71.1121959999999973
11
108.0228679999999883
21
-71.2365389999999934
0
LINE
8
F.Cu
6
CONTINUOUS
10
108.0228679999999883
20
-71.2365389999999934
11
108.0256749999999926
21
-71.2470149999999904
0
LINE
8
F.Cu
6
CONTINUOUS
10
108.0256749999999926
20
-71.2470149999999904
11
110.2037929999999903
21
-71.2470149999999904
0
LINE
8
F.Cu
6
CONTINUOUS
10
110.2037929999999903
20
-71.2470149999999904
11
110.2065999999999946
21
-71.2365389999999934
0
LINE
8
F.Cu
6
CONTINUOUS
10
110.2065999999999946
20
-71.2365389999999934
11
110.2783900000000017
21
-71.1121959999999973
0
LINE
8
F.Cu
6
CONTINUOUS
10
110.2783900000000017
20
-71.1121959999999973
11
110.3799149999999969
21
-71.0106710000000021
0
LINE
8
F.Cu
6
CONTINUOUS
10
110.3799149999999969
20
-71.0106710000000021
11
110.504257999999993
21
-70.938880999999995
0
LINE
8
F.Cu
6
CONTINUOUS
10
110.504257999999993
20
-70.938880999999995
11
110.6429449999999974
21
-70.9017199999999974
0
LINE
8
F.Cu
6
CONTINUOUS
10
110.6429449999999974
20
-70.9017199999999974
11
110.7147339999999929
21
-70.8970149999999961
0
LINE
8
F.Cu
6
CONTINUOUS
10
110.7147339999999929
20
-70.8970149999999961
11
110.8147340000000014
21
-70.8970149999999961
0
LINE
8
F.Cu
6
CONTINUOUS
10
110.8147340000000014
20
-70.8970149999999961
11
110.8147340000000014
21
-63.357014999999997
0
LINE
8
F.Cu
6
CONTINUOUS
10
110.8147340000000014
20
-63.357014999999997
11
110.7147339999999929
21
-63.357014999999997
0
LINE
8
F.Cu
6
CONTINUOUS
10
110.7147339999999929
20
-63.357014999999997
11
110.6429449999999974
21
-63.3523099999999957
0
LINE
8
F.Cu
6
CONTINUOUS
10
110.6429449999999974
20
-63.3523099999999957
11
110.504257999999993
21
-63.3151489999999981
0
LINE
8
F.Cu
6
CONTINUOUS
10
110.504257999999993
20
-63.3151489999999981
11
110.3799149999999969
21
-63.2433589999999981
0
LINE
8
F.Cu
6
CONTINUOUS
10
110.3799149999999969
20
-63.2433589999999981
11
110.2783900000000017
21
-63.1418339999999958
0
LINE
8
F.Cu
6
CONTINUOUS
10
110.2783900000000017
20
-63.1418339999999958
11
110.2065999999999946
21
-63.0174909999999997
0
LINE
8
F.Cu
6
CONTINUOUS
10
110.2065999999999946
20
-63.0174909999999997
11
110.2037929999999903
21
-63.0070149999999956
0
LINE
8
F.Cu
6
CONTINUOUS
10
110.2037929999999903
20
-63.0070149999999956
11
108.0256749999999926
21
-63.0070149999999956
0
LINE
8
F.Cu
6
CONTINUOUS
10
108.0256749999999926
20
-63.0070149999999956
11
108.0228679999999883
21
-63.0174909999999997
0
LINE
8
F.Cu
6
CONTINUOUS
10
108.0228679999999883
20
-63.0174909999999997
11
107.9510779999999954
21
-63.1418339999999958
0
LINE
8
F.Cu
6
CONTINUOUS
10
107.9510779999999954
20
-63.1418339999999958
11
107.8495530000000002
21
-63.2433589999999981
0
LINE
8
F.Cu
6
CONTINUOUS
10
107.8495530000000002
20
-63.2433589999999981
11
107.7252099999999899
21
-63.3151489999999981
0
LINE
8
F.Cu
6
CONTINUOUS
10
107.7252099999999899
20
-63.3151489999999981
11
107.5865229999999997
21
-63.3523099999999957
0
LINE
8
F.Cu
6
CONTINUOUS
10
107.5865229999999997
20
-63.3523099999999957
11
107.51473399999999
21
-63.357014999999997
0
LINE
8
F.Cu
6
CONTINUOUS
10
107.51473399999999
20
-63.357014999999997
11
106.9475769999999955
21
-63.357014999999997
0
LINE
8
F.Cu
6
CONTINUOUS
10
106.9475769999999955
20
-63.357014999999997
11
106.4247340000000008
21
-63.8798569999999941
0
LINE
8
F.Cu
6
CONTINUOUS
10
106.4247340000000008
20
-63.8798569999999941
11
106.4247340000000008
21
-63.9770149999999944
0
LINE
8
F.Cu
6
CONTINUOUS
10
106.4247340000000008
20
-63.9770149999999944
11
107.5347340000000003
21
-63.9770149999999944
0
LINE
8
F.Cu
6
CONTINUOUS
10
107.5347340000000003
20
-63.9770149999999944
11
107.6112710000000021
21
-63.9922389999999979
0
LINE
8
F.Cu
6
CONTINUOUS
10
107.6112710000000021
20
-63.9922389999999979
11
107.6761549999999943
21
-64.0355940000000032
0
LINE
8
F.Cu
6
CONTINUOUS
10
107.6761549999999943
20
-64.0355940000000032
11
107.7195099999999996
21
-64.1004779999999954
0
LINE
8
F.Cu
6
CONTINUOUS
10
107.7195099999999996
20
-64.1004779999999954
11
107.7347339999999889
21
-64.1770149999999973
0
LINE
8
F.Cu
6
CONTINUOUS
10
107.7347339999999889
20
-64.1770149999999973
11
107.7347339999999889
21
-64.5770150000000029
0
LINE
8
F.Cu
6
CONTINUOUS
10
107.7347339999999889
20
-64.5770150000000029
11
107.7195099999999996
21
-64.6535519999999906
0
LINE
8
F.Cu
6
CONTINUOUS
10
107.7195099999999996
20
-64.6535519999999906
11
107.6761549999999943
21
-64.718435999999997
0
LINE
8
F.Cu
6
CONTINUOUS
10
107.6761549999999943
20
-64.718435999999997
11
107.6112710000000021
21
-64.7617910000000023
0
LINE
8
F.Cu
6
CONTINUOUS
10
107.6112710000000021
20
-64.7617910000000023
11
107.5347340000000003
21
-64.7770149999999916
0
LINE
8
F.Cu
6
CONTINUOUS
10
107.5347340000000003
20
-64.7770149999999916
11
104.9147339999999957
21
-64.7770149999999916
0
LINE
8
F.Cu
6
CONTINUOUS
10
104.9147339999999957
20
-64.7770149999999916
11
104.8381969999999939
21
-64.7617910000000023
0
LINE
8
F.Cu
6
CONTINUOUS
10
104.8381969999999939
20
-64.7617910000000023
11
104.7733130000000017
21
-64.718435999999997
0
LINE
8
F.Cu
6
CONTINUOUS
10
104.7733130000000017
20
-64.718435999999997
11
104.7299579999999963
21
-64.6535519999999906
0
LINE
8
F.Cu
6
CONTINUOUS
10
104.7299579999999963
20
-64.6535519999999906
11
104.7147339999999929
21
-64.5770150000000029
0
LINE
8
F.Cu
6
CONTINUOUS
10
104.7147339999999929
20
-64.5770150000000029
11
104.7147339999999929
21
-64.4670150000000035
0
LINE
8
F.Cu
6
CONTINUOUS
10
104.7147339999999929
20
-64.4670150000000035
11
103.1147339999999986
21
-64.4670150000000035
0
LINE
8
F.Cu
6
CONTINUOUS
10
103.1147339999999986
20
-64.4670150000000035
11
103.0757159999999999
21
-64.4631720000000001
0
LINE
8
F.Cu
6
CONTINUOUS
10
103.0757159999999999
20
-64.4631720000000001
11
103.003619999999998
21
-64.4333089999999942
0
LINE
8
F.Cu
6
CONTINUOUS
10
103.003619999999998
20
-64.4333089999999942
11
102.9733119999999928
21
-64.4084359999999947
0
LINE
8
F.Cu
6
CONTINUOUS
10
102.9733119999999928
20
-64.4084359999999947
11
102.2133129999999994
21
-63.6484359999999967
0
LINE
8
F.Cu
6
CONTINUOUS
10
102.2133129999999994
20
-63.6484359999999967
11
102.1884399999999999
21
-63.6181289999999962
0
LINE
8
F.Cu
6
CONTINUOUS
10
102.1884399999999999
20
-63.6181289999999962
11
102.158576999999994
21
-63.5460329999999942
0
LINE
8
F.Cu
6
CONTINUOUS
10
102.158576999999994
20
-63.5460329999999942
11
102.1547339999999906
21
-63.5070149999999956
0
LINE
8
F.Cu
6
CONTINUOUS
10
102.1547339999999906
20
-63.5070149999999956
11
102.1547339999999906
21
-60.9070149999999941
0
LINE
8
F.Cu
6
CONTINUOUS
10
102.1547339999999906
20
-60.9070149999999941
11
102.158576999999994
21
-60.8679969999999955
0
LINE
8
F.Cu
6
CONTINUOUS
10
102.158576999999994
20
-60.8679969999999955
11
102.1884399999999999
21
-60.7959010000000006
0
LINE
8
F.Cu
6
CONTINUOUS
10
102.1884399999999999
20
-60.7959010000000006
11
102.2133129999999994
21
-60.7655940000000001
0
LINE
8
F.Cu
6
CONTINUOUS
10
102.2133129999999994
20
-60.7655940000000001
11
102.9233129999999932
21
-60.0555929999999947
0
LINE
8
F.Cu
6
CONTINUOUS
10
102.9233129999999932
20
-60.0555929999999947
11
102.9536200000000008
21
-60.0307209999999998
0
LINE
8
F.Cu
6
CONTINUOUS
10
102.9536200000000008
20
-60.0307209999999998
11
103.0257159999999885
21
-60.0008579999999938
0
LINE
8
F.Cu
6
CONTINUOUS
10
103.0257159999999885
20
-60.0008579999999938
11
103.0647340000000014
21
-59.9970149999999975
0
LINE
8
F.Cu
6
CONTINUOUS
10
103.0647340000000014
20
-59.9970149999999975
11
109.04189199999999
21
-59.9970149999999975
0
LINE
8
F.Cu
6
CONTINUOUS
10
109.04189199999999
20
-59.9970149999999975
11
109.60848399999999
21
-59.4304220000000001
0
LINE
8
F.Cu
6
CONTINUOUS
10
109.60848399999999
20
-59.4304220000000001
11
109.60848399999999
21
-58.8970149999999961
0
LINE
8
F.Cu
6
CONTINUOUS
10
109.60848399999999
20
-58.8970149999999961
11
106.2684840000000008
21
-58.8970149999999961
0
LINE
8
F.Cu
6
CONTINUOUS
10
106.2684840000000008
20
-58.8970149999999961
11
106.1686160000000001
21
-58.8824649999999963
0
LINE
8
F.Cu
6
CONTINUOUS
10
106.1686160000000001
20
-58.8824649999999963
11
106.0651069999999976
21
-58.8318619999999939
0
LINE
8
F.Cu
6
CONTINUOUS
10
106.0651069999999976
20
-58.8318619999999939
11
105.9836370000000016
21
-58.7503919999999979
0
LINE
8
F.Cu
6
CONTINUOUS
10
105.9836370000000016
20
-58.7503919999999979
11
105.9330339999999921
21
-58.6468829999999954
0
LINE
8
F.Cu
6
CONTINUOUS
10
105.9330339999999921
20
-58.6468829999999954
11
105.9184839999999923
21
-58.5470149999999947
0
LINE
8
F.Cu
6
CONTINUOUS
10
105.9184839999999923
20
-58.5470149999999947
11
105.9184839999999923
21
-57.847014999999999
0
LINE
8
F.Cu
6
CONTINUOUS
10
105.9184839999999923
20
-57.847014999999999
11
105.9330339999999921
21
-57.7471469999999982
0
LINE
8
F.Cu
6
CONTINUOUS
10
105.9330339999999921
20
-57.7471469999999982
11
105.9836370000000016
21
-57.6436379999999957
0
LINE
8
F.Cu
6
CONTINUOUS
10
105.9836370000000016
20
-57.6436379999999957
11
106.0651069999999976
21
-57.5621679999999998
0
LINE
8
F.Cu
6
CONTINUOUS
10
106.0651069999999976
20
-57.5621679999999998
11
106.1686160000000001
21
-57.5115649999999974
0
LINE
8
F.Cu
6
CONTINUOUS
10
106.1686160000000001
20
-57.5115649999999974
11
106.2684840000000008
21
-57.4970149999999975
0
LINE
8
F.Cu
6
CONTINUOUS
10
106.2684840000000008
20
-57.4970149999999975
11
111.568483999999998
21
-57.4970149999999975
0
LINE
8
F.Cu
6
CONTINUOUS
10
111.568483999999998
20
-57.4970149999999975
11
111.6683519999999987
21
-57.5115649999999974
0
LINE
8
F.Cu
6
CONTINUOUS
10
94.7543259999999918
20
-67.9393730000000033
11
94.7957109999999972
21
-67.9807579999999945
0
LINE
8
F.Cu
6
CONTINUOUS
10
94.7957109999999972
20
-67.9807579999999945
11
94.8181079999999952
21
-68.0348309999999969
0
LINE
8
F.Cu
6
CONTINUOUS
10
94.8181079999999952
20
-68.0348309999999969
11
94.8181079999999952
21
-68.0933569999999975
0
LINE
8
F.Cu
6
CONTINUOUS
10
94.8181079999999952
20
-68.0933569999999975
11
94.7957109999999972
21
-68.1474290000000025
0
LINE
8
F.Cu
6
CONTINUOUS
10
94.7957109999999972
20
-68.1474290000000025
11
94.7770560000000017
21
-68.1701599999999956
0
LINE
8
F.Cu
6
CONTINUOUS
10
94.7770560000000017
20
-68.1701599999999956
11
94.1239849999999905
21
-68.8232309999999927
0
LINE
8
F.Cu
6
CONTINUOUS
10
94.1239849999999905
20
-68.8232309999999927
11
94.7315990000000028
21
-68.8232309999999927
0
LINE
8
F.Cu
6
CONTINUOUS
10
94.7315990000000028
20
-68.8232309999999927
11
94.7608630000000005
21
-68.8261129999999923
0
LINE
8
F.Cu
6
CONTINUOUS
10
94.7608630000000005
20
-68.8261129999999923
11
94.8149349999999913
21
-68.848511000000002
0
LINE
8
F.Cu
6
CONTINUOUS
10
94.8149349999999913
20
-68.848511000000002
11
94.8563189999999992
21
-68.8898949999999957
0
LINE
8
F.Cu
6
CONTINUOUS
10
94.8563189999999992
20
-68.8898949999999957
11
94.8787169999999946
21
-68.9439670000000007
0
LINE
8
F.Cu
6
CONTINUOUS
10
94.8787169999999946
20
-68.9439670000000007
11
94.8787169999999946
21
-69.0024949999999961
0
LINE
8
F.Cu
6
CONTINUOUS
10
94.8787169999999946
20
-69.0024949999999961
11
94.8563189999999992
21
-69.0565670000000011
0
LINE
8
F.Cu
6
CONTINUOUS
10
94.8563189999999992
20
-69.0565670000000011
11
94.8149349999999913
21
-69.0979509999999948
0
LINE
8
F.Cu
6
CONTINUOUS
10
94.8149349999999913
20
-69.0979509999999948
11
94.7608630000000005
21
-69.1203489999999903
0
LINE
8
F.Cu
6
CONTINUOUS
10
94.7608630000000005
20
-69.1203489999999903
11
94.7315990000000028
21
-69.1232309999999899
0
LINE
8
F.Cu
6
CONTINUOUS
10
94.7315990000000028
20
-69.1232309999999899
11
94.1343829999999997
21
-69.1232309999999899
0
LINE
8
F.Cu
6
CONTINUOUS
10
94.1343829999999997
20
-69.1232309999999899
11
94.0315629999999913
21
-69.8429720000000032
0
LINE
8
F.Cu
6
CONTINUOUS
10
94.0315629999999913
20
-69.8429720000000032
11
94.024571999999992
21
-69.8715339999999969
0
LINE
8
F.Cu
6
CONTINUOUS
10
94.024571999999992
20
-69.8715339999999969
11
93.9947519999999912
21
-69.9218949999999921
0
LINE
8
F.Cu
6
CONTINUOUS
10
93.9947519999999912
20
-69.9218949999999921
11
93.947930999999997
21
-69.9570109999999943
0
LINE
8
F.Cu
6
CONTINUOUS
10
93.947930999999997
20
-69.9570109999999943
11
93.8912349999999947
21
-69.9715369999999979
0
LINE
8
F.Cu
6
CONTINUOUS
10
93.8912349999999947
20
-69.9715369999999979
11
93.83329599999999
21
-69.9632599999999911
0
LINE
8
F.Cu
6
CONTINUOUS
10
93.83329599999999
20
-69.9632599999999911
11
93.7829349999999948
21
-69.9334399999999903
0
LINE
8
F.Cu
6
CONTINUOUS
10
93.7829349999999948
20
-69.9334399999999903
11
93.7478189999999927
21
-69.886618999999996
0
LINE
8
F.Cu
6
CONTINUOUS
10
93.7478189999999927
20
-69.886618999999996
11
93.7332929999999891
21
-69.8299229999999937
0
LINE
8
F.Cu
6
CONTINUOUS
10
93.7332929999999891
20
-69.8299229999999937
11
93.7345789999999965
21
-69.8005459999999971
0
LINE
8
F.Cu
6
CONTINUOUS
10
93.7345789999999965
20
-69.8005459999999971
11
93.8313380000000024
21
-69.1232309999999899
0
LINE
8
F.Cu
6
CONTINUOUS
10
93.8313380000000024
20
-69.1232309999999899
11
93.8239849999999933
21
-69.1232309999999899
0
LINE
8
F.Cu
6
CONTINUOUS
10
93.8239849999999933
20
-69.1232309999999899
11
93.5042639999999921
21
-69.4429519999999911
0
LINE
8
F.Cu
6
CONTINUOUS
10
93.5042639999999921
20
-69.4429519999999911
11
93.4815329999999989
21
-69.4616070000000008
0
LINE
8
F.Cu
6
CONTINUOUS
10
93.4815329999999989
20
-69.4616070000000008
11
93.4274609999999939
21
-69.4840039999999988
0
LINE
8
F.Cu
6
CONTINUOUS
10
93.4274609999999939
20
-69.4840039999999988
11
93.3689349999999934
21
-69.4840039999999988
0
LINE
8
F.Cu
6
CONTINUOUS
10
93.3689349999999934
20
-69.4840039999999988
11
93.3148630000000026
21
-69.4616070000000008
0
LINE
8
F.Cu
6
CONTINUOUS
10
93.3148630000000026
20
-69.4616070000000008
11
93.2734769999999997
21
-69.420220999999998
0
LINE
8
F.Cu
6
CONTINUOUS
10
93.2734769999999997
20
-69.420220999999998
11
93.2510800000000017
21
-69.366148999999993
0
LINE
8
F.Cu
6
CONTINUOUS
10
93.2510800000000017
20
-69.366148999999993
11
93.2510800000000017
21
-69.3076229999999924
0
LINE
8
F.Cu
6
CONTINUOUS
10
93.2510800000000017
20
-69.3076229999999924
11
93.2734769999999997
21
-69.2535510000000016
0
LINE
8
F.Cu
6
CONTINUOUS
10
93.2734769999999997
20
-69.2535510000000016
11
93.2921319999999952
21
-69.2308199999999943
0
LINE
8
F.Cu
6
CONTINUOUS
10
93.2921319999999952
20
-69.2308199999999943
11
94.5649239999999907
21
-67.9580279999999988
0
LINE
8
F.Cu
6
CONTINUOUS
10
94.5649239999999907
20
-67.9580279999999988
11
94.587654999999998
21
-67.9393730000000033
0
LINE
8
F.Cu
6
CONTINUOUS
10
94.587654999999998
20
-67.9393730000000033
11
94.6417269999999888
21
-67.9169759999999911
0
LINE
8
F.Cu
6
CONTINUOUS
10
94.6417269999999888
20
-67.9169759999999911
11
94.7002529999999894
21
-67.9169759999999911
0
LINE
8
F.Cu
6
CONTINUOUS
10
94.7002529999999894
20
-67.9169759999999911
11
94.7543259999999918
21
-67.9393730000000033
0
LINE
8
F.Cu
6
CONTINUOUS
10
92.5950189999999935
20
-54.7400749999999974
11
92.7761309999999924
21
-54.8150939999999949
0
LINE
8
F.Cu
6
CONTINUOUS
10
92.7761309999999924
20
-54.8150939999999949
11
92.9391269999999992
21
-54.924004999999994
0
LINE
8
F.Cu
6
CONTINUOUS
10
92.9391269999999992
20
-54.924004999999994
11
93.0777439999999956
21
-55.0626219999999975
0
LINE
8
F.Cu
6
CONTINUOUS
10
93.0777439999999956
20
-55.0626219999999975
11
93.1866550000000018
21
-55.2256179999999972
0
LINE
8
F.Cu
6
CONTINUOUS
10
93.1866550000000018
20
-55.2256179999999972
11
93.2616739999999993
21
-55.406729999999996
0
LINE
8
F.Cu
6
CONTINUOUS
10
93.2616739999999993
20
-55.406729999999996
11
93.2999190000000027
21
-55.5989979999999946
0
LINE
8
F.Cu
6
CONTINUOUS
10
93.2999190000000027
20
-55.5989979999999946
11
93.2999190000000027
21
-55.7950319999999991
0
LINE
8
F.Cu
6
CONTINUOUS
10
93.2999190000000027
20
-55.7950319999999991
11
93.2616739999999993
21
-55.9872999999999976
0
LINE
8
F.Cu
6
CONTINUOUS
10
93.2616739999999993
20
-55.9872999999999976
11
93.1866550000000018
21
-56.1684119999999965
0
LINE
8
F.Cu
6
CONTINUOUS
10
93.1866550000000018
20
-56.1684119999999965
11
93.0777439999999956
21
-56.3314079999999962
0
LINE
8
F.Cu
6
CONTINUOUS
10
93.0777439999999956
20
-56.3314079999999962
11
92.9391269999999992
21
-56.4700249999999997
0
LINE
8
F.Cu
6
CONTINUOUS
10
92.9391269999999992
20
-56.4700249999999997
11
92.7761309999999924
21
-56.5789359999999988
0
LINE
8
F.Cu
6
CONTINUOUS
10
92.7761309999999924
20
-56.5789359999999988
11
92.5950189999999935
21
-56.6539549999999963
0
LINE
8
F.Cu
6
CONTINUOUS
10
92.5950189999999935
20
-56.6539549999999963
11
92.5047339999999991
21
-56.6719139999999939
0
LINE
8
F.Cu
6
CONTINUOUS
10
92.5047339999999991
20
-56.6719139999999939
11
92.5047339999999991
21
-56.8041719999999941
0
LINE
8
F.Cu
6
CONTINUOUS
10
92.5047339999999991
20
-56.8041719999999941
11
100.9975769999999926
21
-65.2970150000000018
0
LINE
8
F.Cu
6
CONTINUOUS
10
100.9975769999999926
20
-65.2970150000000018
11
104.7607959999999991
21
-65.2970150000000018
0
LINE
8
F.Cu
6
CONTINUOUS
10
104.7607959999999991
20
-65.2970150000000018
11
104.7703839999999929
21
-65.2826649999999944
0
LINE
8
F.Cu
6
CONTINUOUS
10
104.7703839999999929
20
-65.2826649999999944
11
104.8320239999999899
21
-65.2414780000000007
0
LINE
8
F.Cu
6
CONTINUOUS
10
104.8320239999999899
20
-65.2414780000000007
11
104.9047339999999906
21
-65.2270149999999944
0
LINE
8
F.Cu
6
CONTINUOUS
10
104.9047339999999906
20
-65.2270149999999944
11
107.5447339999999912
21
-65.2270149999999944
0
LINE
8
F.Cu
6
CONTINUOUS
10
107.5447339999999912
20
-65.2270149999999944
11
107.6174439999999919
21
-65.2414780000000007
0
LINE
8
F.Cu
6
CONTINUOUS
10
107.6174439999999919
20
-65.2414780000000007
11
107.6790839999999889
21
-65.2826649999999944
0
LINE
8
F.Cu
6
CONTINUOUS
10
107.6790839999999889
20
-65.2826649999999944
11
107.7202709999999968
21
-65.3443049999999914
0
LINE
8
F.Cu
6
CONTINUOUS
10
107.7202709999999968
20
-65.3443049999999914
11
107.7327449999999942
21
-65.4070150000000012
0
LINE
8
F.Cu
6
CONTINUOUS
10
107.7327449999999942
20
-65.4070150000000012
11
108.3647339999999986
21
-65.4070150000000012
0
LINE
8
F.Cu
6
CONTINUOUS
10
108.3647339999999986
20
-65.4070150000000012
11
108.4037519999999972
21
-65.4108579999999904
0
LINE
8
F.Cu
6
CONTINUOUS
10
108.4037519999999972
20
-65.4108579999999904
11
108.4758479999999992
21
-65.4407209999999964
0
LINE
8
F.Cu
6
CONTINUOUS
10
108.4758479999999992
20
-65.4407209999999964
11
108.5061549999999926
21
-65.4655939999999958
0
LINE
8
F.Cu
6
CONTINUOUS
10
108.5061549999999926
20
-65.4655939999999958
11
108.9161560000000009
21
-65.8755939999999924
0
LINE
8
F.Cu
6
CONTINUOUS
10
108.9161560000000009
20
-65.8755939999999924
11
108.9410279999999887
21
-65.9059010000000001
0
LINE
8
F.Cu
6
CONTINUOUS
10
108.9410279999999887
20
-65.9059010000000001
11
108.9708909999999946
21
-65.977997000000002
0
LINE
8
F.Cu
6
CONTINUOUS
10
108.9708909999999946
20
-65.977997000000002
11
108.974733999999998
21
-66.0170150000000007
0
LINE
8
F.Cu
6
CONTINUOUS
10
108.974733999999998
20
-66.0170150000000007
11
108.974733999999998
21
-68.2770149999999916
0
LINE
8
F.Cu
6
CONTINUOUS
10
108.974733999999998
20
-68.2770149999999916
11
108.9708909999999946
21
-68.3160329999999902
0
LINE
8
F.Cu
6
CONTINUOUS
10
108.9708909999999946
20
-68.3160329999999902
11
108.9410279999999887
21
-68.3881289999999922
0
LINE
8
F.Cu
6
CONTINUOUS
10
108.9410279999999887
20
-68.3881289999999922
11
108.9161549999999892
21
-68.4184359999999998
0
LINE
8
F.Cu
6
CONTINUOUS
10
108.9161549999999892
20
-68.4184359999999998
11
108.5461549999999988
21
-68.7884359999999901
0
LINE
8
F.Cu
6
CONTINUOUS
10
108.5461549999999988
20
-68.7884359999999901
11
108.5158479999999912
21
-68.8133090000000038
0
LINE
8
F.Cu
6
CONTINUOUS
10
108.5158479999999912
20
-68.8133090000000038
11
108.4437519999999893
21
-68.8431719999999956
0
LINE
8
F.Cu
6
CONTINUOUS
10
108.4437519999999893
20
-68.8431719999999956
11
108.4047339999999906
21
-68.847014999999999
0
LINE
8
F.Cu
6
CONTINUOUS
10
108.4047339999999906
20
-68.847014999999999
11
107.7327449999999942
21
-68.847014999999999
0
LINE
8
F.Cu
6
CONTINUOUS
10
107.7327449999999942
20
-68.847014999999999
11
107.7202709999999968
21
-68.9097249999999946
0
LINE
8
F.Cu
6
CONTINUOUS
10
107.7202709999999968
20
-68.9097249999999946
11
107.6790839999999889
21
-68.9713649999999916
0
LINE
8
F.Cu
6
CONTINUOUS
10
107.6790839999999889
20
-68.9713649999999916
11
107.6174439999999919
21
-69.0125519999999995
0
LINE
8
F.Cu
6
CONTINUOUS
10
107.6174439999999919
20
-69.0125519999999995
11
107.5447339999999912
21
-69.0270149999999916
0
LINE
8
F.Cu
6
CONTINUOUS
10
107.5447339999999912
20
-69.0270149999999916
11
104.9047339999999906
21
-69.0270149999999916
0
LINE
8
F.Cu
6
CONTINUOUS
10
104.9047339999999906
20
-69.0270149999999916
11
104.8320239999999899
21
-69.0125519999999995
0
LINE
8
F.Cu
6
CONTINUOUS
10
104.8320239999999899
20
-69.0125519999999995
11
104.7703839999999929
21
-68.9713649999999916
0
LINE
8
F.Cu
6
CONTINUOUS
10
104.7703839999999929
20
-68.9713649999999916
11
104.7291969999999992
21
-68.9097249999999946
0
LINE
8
F.Cu
6
CONTINUOUS
10
104.7291969999999992
20
-68.9097249999999946
11
104.7147339999999929
21
-68.8370149999999938
0
LINE
8
F.Cu
6
CONTINUOUS
10
104.7147339999999929
20
-68.8370149999999938
11
104.7147339999999929
21
-68.4570149999999984
0
LINE
8
F.Cu
6
CONTINUOUS
10
104.7147339999999929
20
-68.4570149999999984
11
104.7291969999999992
21
-68.3843049999999977
0
LINE
8
F.Cu
6
CONTINUOUS
10
104.7291969999999992
20
-68.3843049999999977
11
104.7703839999999929
21
-68.3226650000000006
0
LINE
8
F.Cu
6
CONTINUOUS
10
104.7703839999999929
20
-68.3226650000000006
11
104.8320239999999899
21
-68.2814779999999928
0
LINE
8
F.Cu
6
CONTINUOUS
10
104.8320239999999899
20
-68.2814779999999928
11
104.9047339999999906
21
-68.2670150000000007
0
LINE
8
F.Cu
6
CONTINUOUS
10
104.9047339999999906
20
-68.2670150000000007
11
107.5447339999999912
21
-68.2670150000000007
0
LINE
8
F.Cu
6
CONTINUOUS
10
107.5447339999999912
20
-68.2670150000000007
11
107.6174439999999919
21
-68.2814779999999928
0
LINE
8
F.Cu
6
CONTINUOUS
10
107.6174439999999919
20
-68.2814779999999928
11
107.6790839999999889
21
-68.3226650000000006
0
LINE
8
F.Cu
6
CONTINUOUS
10
107.6790839999999889
20
-68.3226650000000006
11
107.7202709999999968
21
-68.3843049999999977
0
LINE
8
F.Cu
6
CONTINUOUS
10
107.7202709999999968
20
-68.3843049999999977
11
107.7327449999999942
21
-68.4470149999999933
0
LINE
8
F.Cu
6
CONTINUOUS
10
107.7327449999999942
20
-68.4470149999999933
11
108.3218919999999912
21
-68.4470149999999933
0
LINE
8
F.Cu
6
CONTINUOUS
10
108.3218919999999912
20
-68.4470149999999933
11
108.5747339999999923
21
-68.1941729999999922
0
LINE
8
F.Cu
6
CONTINUOUS
10
108.5747339999999923
20
-68.1941729999999922
11
108.5747339999999923
21
-66.0998570000000001
0
LINE
8
F.Cu
6
CONTINUOUS
10
108.5747339999999923
20
-66.0998570000000001
11
108.2818919999999991
21
-65.8070149999999927
0
LINE
8
F.Cu
6
CONTINUOUS
10
108.2818919999999991
20
-65.8070149999999927
11
107.7327449999999942
21
-65.8070149999999927
0
LINE
8
F.Cu
6
CONTINUOUS
10
107.7327449999999942
20
-65.8070149999999927
11
107.7202709999999968
21
-65.8697250000000025
0
LINE
8
F.Cu
6
CONTINUOUS
10
107.7202709999999968
20
-65.8697250000000025
11
107.6790839999999889
21
-65.9313649999999996
0
LINE
8
F.Cu
6
CONTINUOUS
10
107.6790839999999889
20
-65.9313649999999996
11
107.6174439999999919
21
-65.9725519999999932
0
LINE
8
F.Cu
6
CONTINUOUS
10
107.6174439999999919
20
-65.9725519999999932
11
107.5447339999999912
21
-65.9870149999999995
0
LINE
8
F.Cu
6
CONTINUOUS
10
107.5447339999999912
20
-65.9870149999999995
11
104.9047339999999906
21
-65.9870149999999995
0
LINE
8
F.Cu
6
CONTINUOUS
10
104.9047339999999906
20
-65.9870149999999995
11
104.8320239999999899
21
-65.9725519999999932
0
LINE
8
F.Cu
6
CONTINUOUS
10
104.8320239999999899
20
-65.9725519999999932
11
104.7703839999999929
21
-65.9313649999999996
0
LINE
8
F.Cu
6
CONTINUOUS
10
104.7703839999999929
20
-65.9313649999999996
11
104.7291969999999992
21
-65.8697250000000025
0
LINE
8
F.Cu
6
CONTINUOUS
10
104.7291969999999992
20
-65.8697250000000025
11
104.7147339999999929
21
-65.7970150000000018
0
LINE
8
F.Cu
6
CONTINUOUS
10
104.7147339999999929
20
-65.7970150000000018
11
104.7147339999999929
21
-65.6970149999999933
0
LINE
8
F.Cu
6
CONTINUOUS
10
104.7147339999999929
20
-65.6970149999999933
11
100.9147339999999957
21
-65.6970149999999933
0
LINE
8
F.Cu
6
CONTINUOUS
10
100.9147339999999957
20
-65.6970149999999933
11
100.8757159999999971
21
-65.6931720000000041
0
LINE
8
F.Cu
6
CONTINUOUS
10
100.8757159999999971
20
-65.6931720000000041
11
100.8036199999999951
21
-65.6633089999999982
0
LINE
8
F.Cu
6
CONTINUOUS
10
100.8036199999999951
20
-65.6633089999999982
11
100.7733130000000017
21
-65.6384369999999961
0
LINE
8
F.Cu
6
CONTINUOUS
10
100.7733130000000017
20
-65.6384369999999961
11
92.1633130000000023
21
-57.0284359999999992
0
LINE
8
F.Cu
6
CONTINUOUS
10
92.1633130000000023
20
-57.0284359999999992
11
92.1384400000000028
21
-56.9981289999999987
0
LINE
8
F.Cu
6
CONTINUOUS
10
92.1384400000000028
20
-56.9981289999999987
11
92.1085769999999968
21
-56.9260329999999968
0
LINE
8
F.Cu
6
CONTINUOUS
10
92.1085769999999968
20
-56.9260329999999968
11
92.1047339999999934
21
-56.8870149999999981
0
LINE
8
F.Cu
6
CONTINUOUS
10
92.1047339999999934
20
-56.8870149999999981
11
92.1047339999999934
21
-56.6719139999999939
0
LINE
8
F.Cu
6
CONTINUOUS
10
92.1047339999999934
20
-56.6719139999999939
11
92.014448999999999
21
-56.6539549999999963
0
LINE
8
F.Cu
6
CONTINUOUS
10
92.014448999999999
20
-56.6539549999999963
11
91.8333370000000002
21
-56.5789359999999988
0
LINE
8
F.Cu
6
CONTINUOUS
10
91.8333370000000002
20
-56.5789359999999988
11
91.6703409999999934
21
-56.4700249999999997
0
LINE
8
F.Cu
6
CONTINUOUS
10
91.6703409999999934
20
-56.4700249999999997
11
91.531723999999997
21
-56.3314079999999962
0
LINE
8
F.Cu
6
CONTINUOUS
10
91.531723999999997
20
-56.3314079999999962
11
91.4228129999999908
21
-56.1684119999999965
0
LINE
8
F.Cu
6
CONTINUOUS
10
91.4228129999999908
20
-56.1684119999999965
11
91.3477939999999933
21
-55.9872999999999976
0
LINE
8
F.Cu
6
CONTINUOUS
10
91.3477939999999933
20
-55.9872999999999976
11
91.3095489999999899
21
-55.7950319999999991
0
LINE
8
F.Cu
6
CONTINUOUS
10
91.3095489999999899
20
-55.7950319999999991
11
91.3095489999999899
21
-55.5989979999999946
0
LINE
8
F.Cu
6
CONTINUOUS
10
91.3095489999999899
20
-55.5989979999999946
11
91.3477939999999933
21
-55.406729999999996
0
LINE
8
F.Cu
6
CONTINUOUS
10
91.3477939999999933
20
-55.406729999999996
11
91.4228129999999908
21
-55.2256179999999972
0
LINE
8
F.Cu
6
CONTINUOUS
10
91.4228129999999908
20
-55.2256179999999972
11
91.531723999999997
21
-55.0626219999999975
0
LINE
8
F.Cu
6
CONTINUOUS
10
91.531723999999997
20
-55.0626219999999975
11
91.6703409999999934
21
-54.924004999999994
0
LINE
8
F.Cu
6
CONTINUOUS
10
91.6703409999999934
20
-54.924004999999994
11
91.8333370000000002
21
-54.8150939999999949
0
LINE
8
F.Cu
6
CONTINUOUS
10
91.8333370000000002
20
-54.8150939999999949
11
92.014448999999999
21
-54.7400749999999974
0
LINE
8
F.Cu
6
CONTINUOUS
10
92.014448999999999
20
-54.7400749999999974
11
92.2067169999999976
21
-54.7018300000000011
0
LINE
8
F.Cu
6
CONTINUOUS
10
92.2067169999999976
20
-54.7018300000000011
11
92.402750999999995
21
-54.7018300000000011
0
LINE
8
F.Cu
6
CONTINUOUS
10
92.402750999999995
20
-54.7018300000000011
11
92.5950189999999935
21
-54.7400749999999974
0
LINE
8
F.Cu
6
CONTINUOUS
10
93.7239699999999942
20
-67.7575449999999933
11
93.7653549999999996
21
-67.7989299999999986
0
LINE
8
F.Cu
6
CONTINUOUS
10
93.7653549999999996
20
-67.7989299999999986
11
93.7877519999999976
21
-67.8530030000000011
0
LINE
8
F.Cu
6
CONTINUOUS
10
93.7877519999999976
20
-67.8530030000000011
11
93.7877519999999976
21
-67.9115279999999899
0
LINE
8
F.Cu
6
CONTINUOUS
10
93.7877519999999976
20
-67.9115279999999899
11
93.7653549999999996
21
-67.9656009999999924
0
LINE
8
F.Cu
6
CONTINUOUS
10
93.7653549999999996
20
-67.9656009999999924
11
93.7466999999999899
21
-67.9883319999999998
0
LINE
8
F.Cu
6
CONTINUOUS
10
93.7466999999999899
20
-67.9883319999999998
11
92.8981720000000024
21
-68.836860999999999
0
LINE
8
F.Cu
6
CONTINUOUS
10
92.8981720000000024
20
-68.836860999999999
11
92.875440999999995
21
-68.8555159999999944
0
LINE
8
F.Cu
6
CONTINUOUS
10
92.875440999999995
20
-68.8555159999999944
11
92.82136899999999
21
-68.8779129999999924
0
LINE
8
F.Cu
6
CONTINUOUS
10
92.82136899999999
20
-68.8779129999999924
11
92.7628429999999895
21
-68.8779129999999924
0
LINE
8
F.Cu
6
CONTINUOUS
10
92.7628429999999895
20
-68.8779129999999924
11
92.7087709999999987
21
-68.8555159999999944
0
LINE
8
F.Cu
6
CONTINUOUS
10
92.7087709999999987
20
-68.8555159999999944
11
92.6673849999999959
21
-68.8141299999999916
0
LINE
8
F.Cu
6
CONTINUOUS
10
92.6673849999999959
20
-68.8141299999999916
11
92.6449879999999979
21
-68.7600580000000008
0
LINE
8
F.Cu
6
CONTINUOUS
10
92.6449879999999979
20
-68.7600580000000008
11
92.6449879999999979
21
-68.7015320000000003
0
LINE
8
F.Cu
6
CONTINUOUS
10
92.6449879999999979
20
-68.7015320000000003
11
92.6673849999999959
21
-68.6474599999999953
0
LINE
8
F.Cu
6
CONTINUOUS
10
92.6673849999999959
20
-68.6474599999999953
11
92.6860399999999913
21
-68.6247290000000021
0
LINE
8
F.Cu
6
CONTINUOUS
10
92.6860399999999913
20
-68.6247290000000021
11
93.534567999999993
21
-67.7762000000000029
0
LINE
8
F.Cu
6
CONTINUOUS
10
93.534567999999993
20
-67.7762000000000029
11
93.5572990000000004
21
-67.7575449999999933
0
LINE
8
F.Cu
6
CONTINUOUS
10
93.5572990000000004
20
-67.7575449999999933
11
93.6113709999999912
21
-67.7351479999999952
0
LINE
8
F.Cu
6
CONTINUOUS
10
93.6113709999999912
20
-67.7351479999999952
11
93.6698969999999917
21
-67.7351479999999952
0
LINE
8
F.Cu
6
CONTINUOUS
10
93.6698969999999917
20
-67.7351479999999952
11
93.7239699999999942
21
-67.7575449999999933
0
LINE
8
F.Cu
6
CONTINUOUS
10
99.4204050000000024
20
-67.2360449999999901
11
99.5015109999999936
21
-67.2902380000000022
0
LINE
8
F.Cu
6
CONTINUOUS
10
99.5015109999999936
20
-67.2902380000000022
11
99.519402999999997
21
-67.3170149999999978
0
LINE
8
F.Cu
6
CONTINUOUS
10
99.519402999999997
20
-67.3170149999999978
11
104.782835999999989
21
-67.3170149999999978
0
LINE
8
F.Cu
6
CONTINUOUS
10
104.782835999999989
20
-67.3170149999999978
11
104.8227639999999923
21
-67.2903359999999964
0
LINE
8
F.Cu
6
CONTINUOUS
10
104.8227639999999923
20
-67.2903359999999964
11
104.88973399999999
21
-67.2770149999999916
0
LINE
8
F.Cu
6
CONTINUOUS
10
104.88973399999999
20
-67.2770149999999916
11
107.5597339999999917
21
-67.2770149999999916
0
LINE
8
F.Cu
6
CONTINUOUS
10
107.5597339999999917
20
-67.2770149999999916
11
107.6267039999999895
21
-67.2903359999999964
0
LINE
8
F.Cu
6
CONTINUOUS
10
107.6267039999999895
20
-67.2903359999999964
11
107.6834779999999938
21
-67.3282710000000009
0
LINE
8
F.Cu
6
CONTINUOUS
10
107.6834779999999938
20
-67.3282710000000009
11
107.7214129999999983
21
-67.385044999999991
0
LINE
8
F.Cu
6
CONTINUOUS
10
107.7214129999999983
20
-67.385044999999991
11
107.7347339999999889
21
-67.4520150000000029
0
LINE
8
F.Cu
6
CONTINUOUS
10
107.7347339999999889
20
-67.4520150000000029
11
107.7347339999999889
21
-67.8020149999999973
0
LINE
8
F.Cu
6
CONTINUOUS
10
107.7347339999999889
20
-67.8020149999999973
11
107.7214129999999983
21
-67.868984999999995
0
LINE
8
F.Cu
6
CONTINUOUS
10
107.7214129999999983
20
-67.868984999999995
11
107.6834779999999938
21
-67.9257589999999993
0
LINE
8
F.Cu
6
CONTINUOUS
10
107.6834779999999938
20
-67.9257589999999993
11
107.6267039999999895
21
-67.9636940000000038
0
LINE
8
F.Cu
6
CONTINUOUS
10
107.6267039999999895
20
-67.9636940000000038
11
107.5597339999999917
21
-67.9770149999999944
0
LINE
8
F.Cu
6
CONTINUOUS
10
107.5597339999999917
20
-67.9770149999999944
11
104.88973399999999
21
-67.9770149999999944
0
LINE
8
F.Cu
6
CONTINUOUS
10
104.88973399999999
20
-67.9770149999999944
11
104.8227639999999923
21
-67.9636940000000038
0
LINE
8
F.Cu
6
CONTINUOUS
10
104.8227639999999923
20
-67.9636940000000038
11
104.7659900000000022
21
-67.9257589999999993
0
LINE
8
F.Cu
6
CONTINUOUS
10
104.7659900000000022
20
-67.9257589999999993
11
104.7280549999999977
21
-67.868984999999995
0
LINE
8
F.Cu
6
CONTINUOUS
10
104.7280549999999977
20
-67.868984999999995
11
104.7147339999999929
21
-67.8020149999999973
0
LINE
8
F.Cu
6
CONTINUOUS
10
104.7147339999999929
20
-67.8020149999999973
11
104.7147339999999929
21
-67.7170150000000035
0
LINE
8
F.Cu
6
CONTINUOUS
10
104.7147339999999929
20
-67.7170150000000035
11
99.5747339999999923
21
-67.7170150000000035
0
LINE
8
F.Cu
6
CONTINUOUS
10
99.5747339999999923
20
-67.7170150000000035
11
99.5747339999999923
21
-68.367014999999995
0
LINE
8
F.Cu
6
CONTINUOUS
10
99.5747339999999923
20
-68.367014999999995
11
99.5557039999999915
21
-68.4626859999999908
0
LINE
8
F.Cu
6
CONTINUOUS
10
99.5557039999999915
20
-68.4626859999999908
11
99.5015109999999936
21
-68.5437919999999963
0
LINE
8
F.Cu
6
CONTINUOUS
10
99.5015109999999936
20
-68.5437919999999963
11
99.4204050000000024
21
-68.5979849999999942
0
LINE
8
F.Cu
6
CONTINUOUS
10
99.4204050000000024
20
-68.5979849999999942
11
99.3247339999999923
21
-68.617014999999995
0
LINE
8
F.Cu
6
CONTINUOUS
10
99.3247339999999923
20
-68.617014999999995
11
98.6247339999999895
21
-68.617014999999995
0
LINE
8
F.Cu
6
CONTINUOUS
10
98.6247339999999895
20
-68.617014999999995
11
98.5290629999999936
21
-68.5979849999999942
0
LINE
8
F.Cu
6
CONTINUOUS
10
98.5290629999999936
20
-68.5979849999999942
11
98.4479570000000024
21
-68.5437919999999963
0
LINE
8
F.Cu
6
CONTINUOUS
10
98.4479570000000024
20
-68.5437919999999963
11
98.3937639999999902
21
-68.4626859999999908
0
LINE
8
F.Cu
6
CONTINUOUS
10
98.3937639999999902
20
-68.4626859999999908
11
98.3747339999999895
21
-68.367014999999995
0
LINE
8
F.Cu
6
CONTINUOUS
10
98.3747339999999895
20
-68.367014999999995
11
98.3747339999999895
21
-67.4670150000000035
0
LINE
8
F.Cu
6
CONTINUOUS
10
98.3747339999999895
20
-67.4670150000000035
11
98.3937639999999902
21
-67.3713439999999935
0
LINE
8
F.Cu
6
CONTINUOUS
10
98.3937639999999902
20
-67.3713439999999935
11
98.4479570000000024
21
-67.2902380000000022
0
LINE
8
F.Cu
6
CONTINUOUS
10
98.4479570000000024
20
-67.2902380000000022
11
98.5290629999999936
21
-67.2360449999999901
0
LINE
8
F.Cu
6
CONTINUOUS
10
98.5290629999999936
20
-67.2360449999999901
11
98.6247339999999895
21
-67.2170150000000035
0
LINE
8
F.Cu
6
CONTINUOUS
10
98.6247339999999895
20
-67.2170150000000035
11
99.3247339999999923
21
-67.2170150000000035
0
LINE
8
F.Cu
6
CONTINUOUS
10
99.3247339999999923
20
-67.2170150000000035
11
99.4204050000000024
21
-67.2360449999999901
0
LINE
8
F.Cu
6
CONTINUOUS
10
92.5723969999999952
20
-66.6059719999999942
11
92.6137820000000005
21
-66.6473569999999995
0
LINE
8
F.Cu
6
CONTINUOUS
10
92.6137820000000005
20
-66.6473569999999995
11
92.6361789999999985
21
-66.701430000000002
0
LINE
8
F.Cu
6
CONTINUOUS
10
92.6361789999999985
20
-66.701430000000002
11
92.6361789999999985
21
-66.7428359999999969
0
LINE
8
F.Cu
6
CONTINUOUS
10
92.6361789999999985
20
-66.7428359999999969
11
92.7183220000000006
21
-66.7702170000000024
0
LINE
8
F.Cu
6
CONTINUOUS
10
92.7183220000000006
20
-66.7702170000000024
11
92.7451729999999941
21
-66.7822060000000022
0
LINE
8
F.Cu
6
CONTINUOUS
10
92.7451729999999941
20
-66.7822060000000022
11
92.7492429999999928
21
-66.785736
0
LINE
8
F.Cu
6
CONTINUOUS
10
92.7492429999999928
20
-66.785736
11
92.7542229999999961
21
-66.7877989999999926
0
LINE
8
F.Cu
6
CONTINUOUS
10
92.7542229999999961
20
-66.7877989999999926
11
92.7769539999999893
21
-66.8064540000000022
0
LINE
8
F.Cu
6
CONTINUOUS
10
92.7769539999999893
20
-66.8064540000000022
11
92.9587819999999994
21
-66.9882819999999981
0
LINE
8
F.Cu
6
CONTINUOUS
10
92.9587819999999994
20
-66.9882819999999981
11
92.9774369999999948
21
-67.0110129999999913
0
LINE
8
F.Cu
6
CONTINUOUS
10
92.9774369999999948
20
-67.0110129999999913
11
92.9794989999999899
21
-67.0159919999999971
0
LINE
8
F.Cu
6
CONTINUOUS
10
92.9794989999999899
20
-67.0159919999999971
11
92.9830299999999994
21
-67.0200629999999933
0
LINE
8
F.Cu
6
CONTINUOUS
10
92.9830299999999994
20
-67.0200629999999933
11
92.9950180000000017
21
-67.046914000000001
0
LINE
8
F.Cu
6
CONTINUOUS
10
92.9950180000000017
20
-67.046914000000001
11
93.0556270000000012
21
-67.2287400000000019
0
LINE
8
F.Cu
6
CONTINUOUS
10
93.0556270000000012
20
-67.2287400000000019
11
93.0569079999999929
21
-67.2343779999999924
0
LINE
8
F.Cu
6
CONTINUOUS
10
93.0569079999999929
20
-67.2343779999999924
11
93.0579979999999978
21
-67.2365559999999931
0
LINE
8
F.Cu
6
CONTINUOUS
10
93.0579979999999978
20
-67.2365559999999931
11
93.0582670000000007
21
-67.2403539999999964
0
LINE
8
F.Cu
6
CONTINUOUS
10
93.0582670000000007
20
-67.2403539999999964
11
93.062146999999996
21
-67.2574139999999971
0
LINE
8
F.Cu
6
CONTINUOUS
10
93.062146999999996
20
-67.2574139999999971
11
93.060812999999996
21
-67.276174999999995
0
LINE
8
F.Cu
6
CONTINUOUS
10
93.060812999999996
20
-67.276174999999995
11
93.062146999999996
21
-67.2949359999999928
0
LINE
8
F.Cu
6
CONTINUOUS
10
93.062146999999996
20
-67.2949359999999928
11
93.0582679999999982
21
-67.3119939999999986
0
LINE
8
F.Cu
6
CONTINUOUS
10
93.0582679999999982
20
-67.3119939999999986
11
93.0579979999999978
21
-67.3157939999999968
0
LINE
8
F.Cu
6
CONTINUOUS
10
93.0579979999999978
20
-67.3157939999999968
11
93.0569079999999929
21
-67.3179719999999975
0
LINE
8
F.Cu
6
CONTINUOUS
10
93.0569079999999929
20
-67.3179719999999975
11
93.0556270000000012
21
-67.3236089999999905
0
LINE
8
F.Cu
6
CONTINUOUS
10
93.0556270000000012
20
-67.3236089999999905
11
92.9950189999999992
21
-67.5054370000000006
0
LINE
8
F.Cu
6
CONTINUOUS
10
92.9950189999999992
20
-67.5054370000000006
11
92.9830299999999994
21
-67.5322879999999941
0
LINE
8
F.Cu
6
CONTINUOUS
10
92.9830299999999994
20
-67.5322879999999941
11
92.9794989999999899
21
-67.5363579999999928
0
LINE
8
F.Cu
6
CONTINUOUS
10
92.9794989999999899
20
-67.5363579999999928
11
92.9774369999999948
21
-67.5413379999999961
0
LINE
8
F.Cu
6
CONTINUOUS
10
92.9774369999999948
20
-67.5413379999999961
11
92.9587819999999994
21
-67.5640690000000035
0
LINE
8
F.Cu
6
CONTINUOUS
10
92.9587819999999994
20
-67.5640690000000035
11
92.292080999999996
21
-68.2307689999999951
0
LINE
8
F.Cu
6
CONTINUOUS
10
92.292080999999996
20
-68.2307689999999951
11
92.2693500000000029
21
-68.2494239999999905
0
LINE
8
F.Cu
6
CONTINUOUS
10
92.2693500000000029
20
-68.2494239999999905
11
92.2152779999999979
21
-68.2718210000000028
0
LINE
8
F.Cu
6
CONTINUOUS
10
92.2152779999999979
20
-68.2718210000000028
11
92.1567519999999973
21
-68.2718210000000028
0
LINE
8
F.Cu
6
CONTINUOUS
10
92.1567519999999973
20
-68.2718210000000028
11
92.1026799999999923
21
-68.2494239999999905
0
LINE
8
F.Cu
6
CONTINUOUS
10
92.1026799999999923
20
-68.2494239999999905
11
92.0612939999999895
21
-68.2080380000000019
0
LINE
8
F.Cu
6
CONTINUOUS
10
92.0612939999999895
20
-68.2080380000000019
11
92.0388969999999915
21
-68.1539659999999969
0
LINE
8
F.Cu
6
CONTINUOUS
10
92.0388969999999915
20
-68.1539659999999969
11
92.0388969999999915
21
-68.0954399999999964
0
LINE
8
F.Cu
6
CONTINUOUS
10
92.0388969999999915
20
-68.0954399999999964
11
92.0612939999999895
21
-68.0413679999999914
0
LINE
8
F.Cu
6
CONTINUOUS
10
92.0612939999999895
20
-68.0413679999999914
11
92.0799489999999992
21
-68.0186369999999982
0
LINE
8
F.Cu
6
CONTINUOUS
10
92.0799489999999992
20
-68.0186369999999982
11
92.7216099999999983
21
-67.3769759999999991
0
LINE
8
F.Cu
6
CONTINUOUS
10
92.7216099999999983
20
-67.3769759999999991
11
92.7552099999999911
21
-67.2761739999999975
0
LINE
8
F.Cu
6
CONTINUOUS
10
92.7552099999999911
20
-67.2761739999999975
11
92.7216109999999958
21
-67.1753750000000025
0
LINE
8
F.Cu
6
CONTINUOUS
10
92.7216109999999958
20
-67.1753750000000025
11
92.5898600000000016
21
-67.0436239999999941
0
LINE
8
F.Cu
6
CONTINUOUS
10
92.5898600000000016
20
-67.0436239999999941
11
92.4647209999999973
21
-67.0019109999999927
0
LINE
8
F.Cu
6
CONTINUOUS
10
92.4647209999999973
20
-67.0019109999999927
11
92.4299749999999989
21
-67.0019109999999927
0
LINE
8
F.Cu
6
CONTINUOUS
10
92.4299749999999989
20
-67.0019109999999927
11
91.7465989999999891
21
-67.6852870000000024
0
LINE
8
F.Cu
6
CONTINUOUS
10
91.7465989999999891
20
-67.6852870000000024
11
91.723867999999996
21
-67.7039419999999978
0
LINE
8
F.Cu
6
CONTINUOUS
10
91.723867999999996
20
-67.7039419999999978
11
91.669795999999991
21
-67.7263389999999958
0
LINE
8
F.Cu
6
CONTINUOUS
10
91.669795999999991
20
-67.7263389999999958
11
91.6112699999999904
21
-67.7263389999999958
0
LINE
8
F.Cu
6
CONTINUOUS
10
91.6112699999999904
20
-67.7263389999999958
11
91.5571979999999996
21
-67.7039419999999978
0
LINE
8
F.Cu
6
CONTINUOUS
10
91.5571979999999996
20
-67.7039419999999978
11
91.5158119999999968
21
-67.662555999999995
0
LINE
8
F.Cu
6
CONTINUOUS
10
91.5158119999999968
20
-67.662555999999995
11
91.4934149999999988
21
-67.60848399999999
0
LINE
8
F.Cu
6
CONTINUOUS
10
91.4934149999999988
20
-67.60848399999999
11
91.4934149999999988
21
-67.5499580000000037
0
LINE
8
F.Cu
6
CONTINUOUS
10
91.4934149999999988
20
-67.5499580000000037
11
91.5158119999999968
21
-67.4958859999999987
0
LINE
8
F.Cu
6
CONTINUOUS
10
91.5158119999999968
20
-67.4958859999999987
11
91.5344669999999923
21
-67.4731549999999913
0
LINE
8
F.Cu
6
CONTINUOUS
10
91.5344669999999923
20
-67.4731549999999913
11
92.382994999999994
21
-66.6246270000000038
0
LINE
8
F.Cu
6
CONTINUOUS
10
92.382994999999994
20
-66.6246270000000038
11
92.4057260000000014
21
-66.6059719999999942
0
LINE
8
F.Cu
6
CONTINUOUS
10
92.4057260000000014
20
-66.6059719999999942
11
92.4597979999999922
21
-66.5835749999999962
0
LINE
8
F.Cu
6
CONTINUOUS
10
92.4597979999999922
20
-66.5835749999999962
11
92.5183239999999927
21
-66.5835749999999962
0
LINE
8
F.Cu
6
CONTINUOUS
10
92.5183239999999927
20
-66.5835749999999962
11
92.5723969999999952
21
-66.6059719999999942
0
LINE
8
F.Cu
6
CONTINUOUS
10
94.0941629999999947
20
-67.3108840000000015
11
94.1060159999999968
21
-67.3157939999999968
0
LINE
8
F.Cu
6
CONTINUOUS
10
94.1060159999999968
20
-67.3157939999999968
11
94.1482349999999997
21
-67.3332809999999995
0
LINE
8
F.Cu
6
CONTINUOUS
10
94.1482349999999997
20
-67.3332809999999995
11
94.1896199999999908
21
-67.3746659999999906
0
LINE
8
F.Cu
6
CONTINUOUS
10
94.1896199999999908
20
-67.3746659999999906
11
94.1979070000000007
21
-67.3946739999999949
0
LINE
8
F.Cu
6
CONTINUOUS
10
94.1979070000000007
20
-67.3946739999999949
11
94.2120169999999888
21
-67.4287379999999956
0
LINE
8
F.Cu
6
CONTINUOUS
10
94.2120169999999888
20
-67.4287379999999956
11
94.2148990000000026
21
-67.4580019999999934
0
LINE
8
F.Cu
6
CONTINUOUS
10
94.2148990000000026
20
-67.4580019999999934
11
94.2148990000000026
21
-67.579221000000004
0
LINE
8
F.Cu
6
CONTINUOUS
10
94.2148990000000026
20
-67.579221000000004
11
94.2120169999999888
21
-67.60848399999999
0
LINE
8
F.Cu
6
CONTINUOUS
10
94.2120169999999888
20
-67.60848399999999
11
94.2120169999999888
21
-67.6084850000000017
0
LINE
8
F.Cu
6
CONTINUOUS
10
94.2120169999999888
20
-67.6084850000000017
11
94.1896189999999933
21
-67.6625569999999925
0
LINE
8
F.Cu
6
CONTINUOUS
10
94.1896189999999933
20
-67.6625569999999925
11
94.1482349999999997
21
-67.7039410000000004
0
LINE
8
F.Cu
6
CONTINUOUS
10
94.1482349999999997
20
-67.7039410000000004
11
94.0941629999999947
21
-67.7263389999999958
0
LINE
8
F.Cu
6
CONTINUOUS
10
94.0941629999999947
20
-67.7263389999999958
11
94.0648989999999969
21
-67.7292209999999955
0
LINE
8
F.Cu
6
CONTINUOUS
10
94.0648989999999969
20
-67.7292209999999955
11
93.9436800000000005
21
-67.7292209999999955
0
LINE
8
F.Cu
6
CONTINUOUS
10
93.9436800000000005
20
-67.7292209999999955
11
93.9144160000000028
21
-67.7263389999999958
0
LINE
8
F.Cu
6
CONTINUOUS
10
93.9144160000000028
20
-67.7263389999999958
11
93.8920189999999906
21
-67.7170610000000011
0
LINE
8
F.Cu
6
CONTINUOUS
10
93.8920189999999906
20
-67.7170610000000011
11
93.8603449999999953
21
-67.7039419999999978
0
LINE
8
F.Cu
6
CONTINUOUS
10
93.8603449999999953
20
-67.7039419999999978
11
93.8189589999999924
21
-67.662555999999995
0
LINE
8
F.Cu
6
CONTINUOUS
10
93.8189589999999924
20
-67.662555999999995
11
93.7965619999999944
21
-67.60848399999999
0
LINE
8
F.Cu
6
CONTINUOUS
10
93.7965619999999944
20
-67.60848399999999
11
93.7936799999999948
21
-67.579221000000004
0
LINE
8
F.Cu
6
CONTINUOUS
10
93.7936799999999948
20
-67.579221000000004
11
93.7936799999999948
21
-67.4580019999999934
0
LINE
8
F.Cu
6
CONTINUOUS
10
93.7936799999999948
20
-67.4580019999999934
11
93.7965619999999944
21
-67.4287379999999956
0
LINE
8
F.Cu
6
CONTINUOUS
10
93.7965619999999944
20
-67.4287379999999956
11
93.8189599999999899
21
-67.3746659999999906
0
LINE
8
F.Cu
6
CONTINUOUS
10
93.8189599999999899
20
-67.3746659999999906
11
93.8603439999999978
21
-67.333281999999997
0
LINE
8
F.Cu
6
CONTINUOUS
10
93.8603439999999978
20
-67.333281999999997
11
93.9144160000000028
21
-67.3108840000000015
0
LINE
8
F.Cu
6
CONTINUOUS
10
93.9144160000000028
20
-67.3108840000000015
11
93.9436800000000005
21
-67.3080020000000019
0
LINE
8
F.Cu
6
CONTINUOUS
10
93.9436800000000005
20
-67.3080020000000019
11
94.0648989999999969
21
-67.3080020000000019
0
LINE
8
F.Cu
6
CONTINUOUS
10
94.0648989999999969
20
-67.3080020000000019
11
94.0941629999999947
21
-67.3108840000000015
0
LINE
8
F.Cu
6
CONTINUOUS
10
91.3522919999999914
20
-65.551795999999996
11
91.3562469999999962
21
-65.5515149999999949
0
LINE
8
F.Cu
6
CONTINUOUS
10
91.3562469999999962
20
-65.5515149999999949
11
91.3614479999999958
21
-65.5526969999999949
0
LINE
8
F.Cu
6
CONTINUOUS
10
91.3614479999999958
20
-65.5526969999999949
11
91.3667509999999936
21
-65.553219999999996
0
LINE
8
F.Cu
6
CONTINUOUS
10
91.3667509999999936
20
-65.553219999999996
11
91.3704079999999976
21
-65.5547349999999938
0
LINE
8
F.Cu
6
CONTINUOUS
10
91.3704079999999976
20
-65.5547349999999938
11
91.3849209999999914
21
-65.5580350000000038
0
LINE
8
F.Cu
6
CONTINUOUS
10
91.3849209999999914
20
-65.5580350000000038
11
91.5667490000000015
21
-65.6186440000000033
0
LINE
8
F.Cu
6
CONTINUOUS
10
91.5667490000000015
20
-65.6186440000000033
11
91.5935989999999975
21
-65.6306319999999914
0
LINE
8
F.Cu
6
CONTINUOUS
10
91.5935989999999975
20
-65.6306319999999914
11
91.5976699999999937
21
-65.6341630000000009
0
LINE
8
F.Cu
6
CONTINUOUS
10
91.5976699999999937
20
-65.6341630000000009
11
91.602649999999997
21
-65.6362259999999935
0
LINE
8
F.Cu
6
CONTINUOUS
10
91.602649999999997
20
-65.6362259999999935
11
91.6253809999999902
21
-65.6548810000000032
0
LINE
8
F.Cu
6
CONTINUOUS
10
91.6253809999999902
20
-65.6548810000000032
11
91.8072080000000028
21
-65.8367080000000016
0
LINE
8
F.Cu
6
CONTINUOUS
10
91.8072080000000028
20
-65.8367080000000016
11
91.8258629999999982
21
-65.8594379999999973
0
LINE
8
F.Cu
6
CONTINUOUS
10
91.8258629999999982
20
-65.8594379999999973
11
91.8279259999999908
21
-65.8644189999999981
0
LINE
8
F.Cu
6
CONTINUOUS
10
91.8279259999999908
20
-65.8644189999999981
11
91.8314560000000029
21
-65.8684889999999967
0
LINE
8
F.Cu
6
CONTINUOUS
10
91.8314560000000029
20
-65.8684889999999967
11
91.8434450000000027
21
-65.8953399999999903
0
LINE
8
F.Cu
6
CONTINUOUS
10
91.8434450000000027
20
-65.8953399999999903
11
91.9040529999999904
21
-66.0771680000000003
0
LINE
8
F.Cu
6
CONTINUOUS
10
91.9040529999999904
20
-66.0771680000000003
11
91.9073509999999914
21
-66.0916749999999951
0
LINE
8
F.Cu
6
CONTINUOUS
10
91.9073509999999914
20
-66.0916749999999951
11
91.9088689999999957
21
-66.0953379999999981
0
LINE
8
F.Cu
6
CONTINUOUS
10
91.9088689999999957
20
-66.0953379999999981
11
91.9093909999999994
21
-66.1006459999999976
0
LINE
8
F.Cu
6
CONTINUOUS
10
91.9093909999999994
20
-66.1006459999999976
11
91.9105729999999994
21
-66.1058409999999981
0
LINE
8
F.Cu
6
CONTINUOUS
10
91.9105729999999994
20
-66.1058409999999981
11
91.9102919999999983
21
-66.1097900000000038
0
LINE
8
F.Cu
6
CONTINUOUS
10
91.9102919999999983
20
-66.1097900000000038
11
91.9117509999999953
21
-66.1246019999999959
0
LINE
8
F.Cu
6
CONTINUOUS
10
91.9117509999999953
20
-66.1246019999999959
11
91.9117509999999953
21
-66.2458199999999948
0
LINE
8
F.Cu
6
CONTINUOUS
10
91.9117509999999953
20
-66.2458199999999948
11
91.9102919999999983
21
-66.2606310000000036
0
LINE
8
F.Cu
6
CONTINUOUS
10
91.9102919999999983
20
-66.2606310000000036
11
91.9105729999999994
21
-66.2645809999999926
0
LINE
8
F.Cu
6
CONTINUOUS
10
91.9105729999999994
20
-66.2645809999999926
11
91.9093909999999994
21
-66.2697749999999957
0
LINE
8
F.Cu
6
CONTINUOUS
10
91.9093909999999994
20
-66.2697749999999957
11
91.9088689999999957
21
-66.2750839999999926
0
LINE
8
F.Cu
6
CONTINUOUS
10
91.9088689999999957
20
-66.2750839999999926
11
91.9073519999999888
21
-66.2787450000000007
0
LINE
8
F.Cu
6
CONTINUOUS
10
91.9073519999999888
20
-66.2787450000000007
11
91.9040529999999904
21
-66.293255000000002
0
LINE
8
F.Cu
6
CONTINUOUS
10
91.9040529999999904
20
-66.293255000000002
11
91.843443999999991
21
-66.475081000000003
0
LINE
8
F.Cu
6
CONTINUOUS
10
91.843443999999991
20
-66.475081000000003
11
91.8314560000000029
21
-66.5019319999999965
0
LINE
8
F.Cu
6
CONTINUOUS
10
91.8314560000000029
20
-66.5019319999999965
11
91.8279249999999934
21
-66.5060019999999952
0
LINE
8
F.Cu
6
CONTINUOUS
10
91.8279249999999934
20
-66.5060019999999952
11
91.8258629999999982
21
-66.5109819999999985
0
LINE
8
F.Cu
6
CONTINUOUS
10
91.8258629999999982
20
-66.5109819999999985
11
91.8072080000000028
21
-66.5337129999999917
0
LINE
8
F.Cu
6
CONTINUOUS
10
91.8072080000000028
20
-66.5337129999999917
11
91.4435529999999943
21
-66.8973680000000002
0
LINE
8
F.Cu
6
CONTINUOUS
10
91.4435529999999943
20
-66.8973680000000002
11
91.4208220000000011
21
-66.9160229999999956
0
LINE
8
F.Cu
6
CONTINUOUS
10
91.4208220000000011
20
-66.9160229999999956
11
91.4158419999999978
21
-66.9180849999999907
0
LINE
8
F.Cu
6
CONTINUOUS
10
91.4158419999999978
20
-66.9180849999999907
11
91.4117719999999991
21
-66.9216160000000002
0
LINE
8
F.Cu
6
CONTINUOUS
10
91.4117719999999991
20
-66.9216160000000002
11
91.3849209999999914
21
-66.933605
0
LINE
8
F.Cu
6
CONTINUOUS
10
91.3849209999999914
20
-66.933605
11
91.203093999999993
21
-66.994213000000002
0
LINE
8
F.Cu
6
CONTINUOUS
10
91.203093999999993
20
-66.994213000000002
11
91.1885860000000008
21
-66.9975110000000029
0
LINE
8
F.Cu
6
CONTINUOUS
10
91.1885860000000008
20
-66.9975110000000029
11
91.1849239999999952
21
-66.9990289999999931
0
LINE
8
F.Cu
6
CONTINUOUS
10
91.1849239999999952
20
-66.9990289999999931
11
91.1796149999999983
21
-66.9995509999999967
0
LINE
8
F.Cu
6
CONTINUOUS
10
91.1796149999999983
20
-66.9995509999999967
11
91.1744209999999953
21
-67.0007329999999968
0
LINE
8
F.Cu
6
CONTINUOUS
10
91.1744209999999953
20
-67.0007329999999968
11
91.170470999999992
21
-67.0004519999999957
0
LINE
8
F.Cu
6
CONTINUOUS
10
91.170470999999992
20
-67.0004519999999957
11
91.1556599999999975
21
-67.0019109999999927
0
LINE
8
F.Cu
6
CONTINUOUS
10
91.1556599999999975
20
-67.0019109999999927
11
91.0344419999999985
21
-67.0019109999999927
0
LINE
8
F.Cu
6
CONTINUOUS
10
91.0344419999999985
20
-67.0019109999999927
11
91.0196299999999923
21
-67.0004519999999957
0
LINE
8
F.Cu
6
CONTINUOUS
10
91.0196299999999923
20
-67.0004519999999957
11
91.0156810000000007
21
-67.0007329999999968
0
LINE
8
F.Cu
6
CONTINUOUS
10
91.0156810000000007
20
-67.0007329999999968
11
91.0104860000000002
21
-66.9995509999999967
0
LINE
8
F.Cu
6
CONTINUOUS
10
91.0104860000000002
20
-66.9995509999999967
11
91.0051780000000008
21
-66.9990289999999931
0
LINE
8
F.Cu
6
CONTINUOUS
10
91.0051780000000008
20
-66.9990289999999931
11
91.0015149999999977
21
-66.9975110000000029
0
LINE
8
F.Cu
6
CONTINUOUS
10
91.0015149999999977
20
-66.9975110000000029
11
90.9870079999999888
21
-66.994213000000002
0
LINE
8
F.Cu
6
CONTINUOUS
10
90.9870079999999888
20
-66.994213000000002
11
90.8051799999999929
21
-66.933605
0
LINE
8
F.Cu
6
CONTINUOUS
10
90.8051799999999929
20
-66.933605
11
90.7783289999999994
21
-66.9216160000000002
0
LINE
8
F.Cu
6
CONTINUOUS
10
90.7783289999999994
20
-66.9216160000000002
11
90.7742590000000007
21
-66.9180860000000024
0
LINE
8
F.Cu
6
CONTINUOUS
10
90.7742590000000007
20
-66.9180860000000024
11
90.7692779999999999
21
-66.9160229999999956
0
LINE
8
F.Cu
6
CONTINUOUS
10
90.7692779999999999
20
-66.9160229999999956
11
90.74654799999999
21
-66.8973680000000002
0
LINE
8
F.Cu
6
CONTINUOUS
10
90.74654799999999
20
-66.8973680000000002
11
90.5647209999999916
21
-66.7155410000000018
0
LINE
8
F.Cu
6
CONTINUOUS
10
90.5647209999999916
20
-66.7155410000000018
11
90.5460659999999962
21
-66.6928099999999944
0
LINE
8
F.Cu
6
CONTINUOUS
10
90.5460659999999962
20
-66.6928099999999944
11
90.544004000000001
21
-66.6878320000000002
0
LINE
8
F.Cu
6
CONTINUOUS
10
90.544004000000001
20
-66.6878320000000002
11
90.5404729999999915
21
-66.6837610000000041
0
LINE
8
F.Cu
6
CONTINUOUS
10
90.5404729999999915
20
-66.6837610000000041
11
90.5284849999999892
21
-66.6569099999999963
0
LINE
8
F.Cu
6
CONTINUOUS
10
90.5284849999999892
20
-66.6569099999999963
11
90.4678749999999923
21
-66.4750820000000004
0
LINE
8
F.Cu
6
CONTINUOUS
10
90.4678749999999923
20
-66.4750820000000004
11
90.4645749999999964
21
-66.4605719999999991
0
LINE
8
F.Cu
6
CONTINUOUS
10
90.4645749999999964
20
-66.4605719999999991
11
90.4630590000000012
21
-66.456910999999991
0
LINE
8
F.Cu
6
CONTINUOUS
10
90.4630590000000012
20
-66.456910999999991
11
90.4625360000000001
21
-66.4516019999999941
0
LINE
8
F.Cu
6
CONTINUOUS
10
90.4625360000000001
20
-66.4516019999999941
11
90.4613549999999975
21
-66.446407999999991
0
LINE
8
F.Cu
6
CONTINUOUS
10
90.4613549999999975
20
-66.446407999999991
11
90.4616350000000011
21
-66.442458000000002
0
LINE
8
F.Cu
6
CONTINUOUS
10
90.4616350000000011
20
-66.442458000000002
11
90.4601770000000016
21
-66.4276469999999932
0
LINE
8
F.Cu
6
CONTINUOUS
10
90.4601770000000016
20
-66.4276469999999932
11
90.4601770000000016
21
-66.3064289999999943
0
LINE
8
F.Cu
6
CONTINUOUS
10
90.4601770000000016
20
-66.3064289999999943
11
90.4616350000000011
21
-66.2916170000000022
0
LINE
8
F.Cu
6
CONTINUOUS
10
90.4616350000000011
20
-66.2916170000000022
11
90.4613549999999975
21
-66.2876679999999965
0
LINE
8
F.Cu
6
CONTINUOUS
10
90.4613549999999975
20
-66.2876679999999965
11
90.4625360000000001
21
-66.282472999999996
0
LINE
8
F.Cu
6
CONTINUOUS
10
90.4625360000000001
20
-66.282472999999996
11
90.4630590000000012
21
-66.2771649999999966
0
LINE
8
F.Cu
6
CONTINUOUS
10
90.4630590000000012
20
-66.2771649999999966
11
90.4645749999999964
21
-66.2735029999999909
0
LINE
8
F.Cu
6
CONTINUOUS
10
90.4645749999999964
20
-66.2735029999999909
11
90.4678749999999923
21
-66.2589940000000013
0
LINE
8
F.Cu
6
CONTINUOUS
10
90.4678749999999923
20
-66.2589940000000013
11
90.5284849999999892
21
-66.0771670000000029
0
LINE
8
F.Cu
6
CONTINUOUS
10
90.5284849999999892
20
-66.0771670000000029
11
90.5404729999999915
21
-66.0503159999999951
0
LINE
8
F.Cu
6
CONTINUOUS
10
90.5404729999999915
20
-66.0503159999999951
11
90.544004000000001
21
-66.0462440000000015
0
LINE
8
F.Cu
6
CONTINUOUS
10
90.544004000000001
20
-66.0462440000000015
11
90.5460659999999962
21
-66.0412669999999906
0
LINE
8
F.Cu
6
CONTINUOUS
10
90.5460659999999962
20
-66.0412669999999906
11
90.5647209999999916
21
-66.0185359999999974
0
LINE
8
F.Cu
6
CONTINUOUS
10
90.5647209999999916
20
-66.0185359999999974
11
90.9283760000000001
21
-65.6548810000000032
0
LINE
8
F.Cu
6
CONTINUOUS
10
90.9283760000000001
20
-65.6548810000000032
11
90.9511069999999933
21
-65.6362259999999935
0
LINE
8
F.Cu
6
CONTINUOUS
10
90.9511069999999933
20
-65.6362259999999935
11
90.9560859999999991
21
-65.6341630000000009
0
LINE
8
F.Cu
6
CONTINUOUS
10
90.9560859999999991
20
-65.6341630000000009
11
90.9601569999999953
21
-65.6306330000000031
0
LINE
8
F.Cu
6
CONTINUOUS
10
90.9601569999999953
20
-65.6306330000000031
11
90.9870079999999888
21
-65.6186450000000008
0
LINE
8
F.Cu
6
CONTINUOUS
10
90.9870079999999888
20
-65.6186450000000008
11
91.1688339999999897
21
-65.5580360000000013
0
LINE
8
F.Cu
6
CONTINUOUS
10
91.1688339999999897
20
-65.5580360000000013
11
91.1833429999999936
21
-65.5547359999999912
0
LINE
8
F.Cu
6
CONTINUOUS
10
91.1833429999999936
20
-65.5547359999999912
11
91.1870049999999992
21
-65.553219999999996
0
LINE
8
F.Cu
6
CONTINUOUS
10
91.1870049999999992
20
-65.553219999999996
11
91.1923129999999986
21
-65.5526969999999949
0
LINE
8
F.Cu
6
CONTINUOUS
10
91.1923129999999986
20
-65.5526969999999949
11
91.1975079999999991
21
-65.5515159999999923
0
LINE
8
F.Cu
6
CONTINUOUS
10
91.1975079999999991
20
-65.5515159999999923
11
91.2014569999999907
21
-65.551795999999996
0
LINE
8
F.Cu
6
CONTINUOUS
10
91.2014569999999907
20
-65.551795999999996
11
91.2162689999999969
21
-65.5503379999999964
0
LINE
8
F.Cu
6
CONTINUOUS
10
91.2162689999999969
20
-65.5503379999999964
11
91.3374869999999959
21
-65.5503379999999964
0
LINE
8
F.Cu
6
CONTINUOUS
10
91.3374869999999959
20
-65.5503379999999964
11
91.3522919999999914
21
-65.551795999999996
0
LINE
8
F.Cu
6
CONTINUOUS
10
91.1154689999999903
20
-65.892050999999995
11
90.8018909999999977
21
-66.2056290000000018
0
LINE
8
F.Cu
6
CONTINUOUS
10
90.8018909999999977
20
-66.2056290000000018
11
90.7601769999999988
21
-66.3307700000000011
0
LINE
8
F.Cu
6
CONTINUOUS
10
90.7601769999999988
20
-66.3307700000000011
11
90.7601769999999988
21
-66.4033050000000031
0
LINE
8
F.Cu
6
CONTINUOUS
10
90.7601769999999988
20
-66.4033050000000031
11
90.8018900000000002
21
-66.5284460000000024
0
LINE
8
F.Cu
6
CONTINUOUS
10
90.8018900000000002
20
-66.5284460000000024
11
90.9336399999999969
21
-66.6601959999999991
0
LINE
8
F.Cu
6
CONTINUOUS
10
90.9336399999999969
20
-66.6601959999999991
11
91.0587850000000003
21
-66.7019109999999955
0
LINE
8
F.Cu
6
CONTINUOUS
10
91.0587850000000003
20
-66.7019109999999955
11
91.1313200000000023
21
-66.7019109999999955
0
LINE
8
F.Cu
6
CONTINUOUS
10
91.1313200000000023
20
-66.7019109999999955
11
91.2564589999999924
21
-66.6601969999999966
0
LINE
8
F.Cu
6
CONTINUOUS
10
91.2564589999999924
20
-66.6601969999999966
11
91.5700369999999992
21
-66.346619000000004
0
LINE
8
F.Cu
6
CONTINUOUS
10
91.5700369999999992
20
-66.346619000000004
11
91.6117509999999982
21
-66.221476999999993
0
LINE
8
F.Cu
6
CONTINUOUS
10
91.6117509999999982
20
-66.221476999999993
11
91.6117509999999982
21
-66.1489440000000002
0
LINE
8
F.Cu
6
CONTINUOUS
10
91.6117509999999982
20
-66.1489440000000002
11
91.5700360000000018
21
-66.0237999999999943
0
LINE
8
F.Cu
6
CONTINUOUS
10
91.5700360000000018
20
-66.0237999999999943
11
91.4382870000000025
21
-65.892050999999995
0
LINE
8
F.Cu
6
CONTINUOUS
10
91.4382870000000025
20
-65.892050999999995
11
91.3131449999999916
21
-65.8503379999999936
0
LINE
8
F.Cu
6
CONTINUOUS
10
91.3131449999999916
20
-65.8503379999999936
11
91.2406119999999987
21
-65.8503379999999936
0
LINE
8
F.Cu
6
CONTINUOUS
10
91.2406119999999987
20
-65.8503379999999936
11
91.1154689999999903
21
-65.892050999999995
0
LINE
8
F.Cu
6
CONTINUOUS
10
99.4204050000000024
20
-65.3260449999999935
11
99.5015109999999936
21
-65.3802379999999914
0
LINE
8
F.Cu
6
CONTINUOUS
10
99.5015109999999936
20
-65.3802379999999914
11
99.5557039999999915
21
-65.4613439999999969
0
LINE
8
F.Cu
6
CONTINUOUS
10
99.5557039999999915
20
-65.4613439999999969
11
99.5747339999999923
21
-65.5570149999999927
0
LINE
8
F.Cu
6
CONTINUOUS
10
99.5747339999999923
20
-65.5570149999999927
11
99.5747339999999923
21
-66.3170149999999978
0
LINE
8
F.Cu
6
CONTINUOUS
10
99.5747339999999923
20
-66.3170149999999978
11
104.782835999999989
21
-66.3170149999999978
0
LINE
8
F.Cu
6
CONTINUOUS
10
104.782835999999989
20
-66.3170149999999978
11
104.8227639999999923
21
-66.2903359999999964
0
LINE
8
F.Cu
6
CONTINUOUS
10
104.8227639999999923
20
-66.2903359999999964
11
104.88973399999999
21
-66.2770149999999916
0
LINE
8
F.Cu
6
CONTINUOUS
10
104.88973399999999
20
-66.2770149999999916
11
107.5597339999999917
21
-66.2770149999999916
0
LINE
8
F.Cu
6
CONTINUOUS
10
107.5597339999999917
20
-66.2770149999999916
11
107.6267039999999895
21
-66.2903359999999964
0
LINE
8
F.Cu
6
CONTINUOUS
10
107.6267039999999895
20
-66.2903359999999964
11
107.6834779999999938
21
-66.3282710000000009
0
LINE
8
F.Cu
6
CONTINUOUS
10
107.6834779999999938
20
-66.3282710000000009
11
107.7214129999999983
21
-66.385044999999991
0
LINE
8
F.Cu
6
CONTINUOUS
10
107.7214129999999983
20
-66.385044999999991
11
107.7347339999999889
21
-66.4520150000000029
0
LINE
8
F.Cu
6
CONTINUOUS
10
107.7347339999999889
20
-66.4520150000000029
11
107.7347339999999889
21
-66.8020149999999973
0
LINE
8
F.Cu
6
CONTINUOUS
10
107.7347339999999889
20
-66.8020149999999973
11
107.7214129999999983
21
-66.868984999999995
0
LINE
8
F.Cu
6
CONTINUOUS
10
107.7214129999999983
20
-66.868984999999995
11
107.6834779999999938
21
-66.9257589999999993
0
LINE
8
F.Cu
6
CONTINUOUS
10
107.6834779999999938
20
-66.9257589999999993
11
107.6267039999999895
21
-66.9636940000000038
0
LINE
8
F.Cu
6
CONTINUOUS
10
107.6267039999999895
20
-66.9636940000000038
11
107.5597339999999917
21
-66.9770149999999944
0
LINE
8
F.Cu
6
CONTINUOUS
10
107.5597339999999917
20
-66.9770149999999944
11
104.88973399999999
21
-66.9770149999999944
0
LINE
8
F.Cu
6
CONTINUOUS
10
104.88973399999999
20
-66.9770149999999944
11
104.8227639999999923
21
-66.9636940000000038
0
LINE
8
F.Cu
6
CONTINUOUS
10
104.8227639999999923
20
-66.9636940000000038
11
104.7659900000000022
21
-66.9257589999999993
0
LINE
8
F.Cu
6
CONTINUOUS
10
104.7659900000000022
20
-66.9257589999999993
11
104.7280549999999977
21
-66.868984999999995
0
LINE
8
F.Cu
6
CONTINUOUS
10
104.7280549999999977
20
-66.868984999999995
11
104.7147339999999929
21
-66.8020149999999973
0
LINE
8
F.Cu
6
CONTINUOUS
10
104.7147339999999929
20
-66.8020149999999973
11
104.7147339999999929
21
-66.7170150000000035
0
LINE
8
F.Cu
6
CONTINUOUS
10
104.7147339999999929
20
-66.7170150000000035
11
99.4847339999999889
21
-66.7170150000000035
0
LINE
8
F.Cu
6
CONTINUOUS
10
99.4847339999999889
20
-66.7170150000000035
11
99.4457159999999902
21
-66.7131720000000001
0
LINE
8
F.Cu
6
CONTINUOUS
10
99.4457159999999902
20
-66.7131720000000001
11
99.3964239999999961
21
-66.6927539999999937
0
LINE
8
F.Cu
6
CONTINUOUS
10
99.3964239999999961
20
-66.6927539999999937
11
99.3247339999999923
21
-66.7070149999999984
0
LINE
8
F.Cu
6
CONTINUOUS
10
99.3247339999999923
20
-66.7070149999999984
11
98.6247339999999895
21
-66.7070149999999984
0
LINE
8
F.Cu
6
CONTINUOUS
10
98.6247339999999895
20
-66.7070149999999984
11
98.5290629999999936
21
-66.6879849999999976
0
LINE
8
F.Cu
6
CONTINUOUS
10
98.5290629999999936
20
-66.6879849999999976
11
98.4479570000000024
21
-66.6337919999999997
0
LINE
8
F.Cu
6
CONTINUOUS
10
98.4479570000000024
20
-66.6337919999999997
11
98.3937639999999902
21
-66.5526859999999942
0
LINE
8
F.Cu
6
CONTINUOUS
10
98.3937639999999902
20
-66.5526859999999942
11
98.3747339999999895
21
-66.4570149999999984
0
LINE
8
F.Cu
6
CONTINUOUS
10
98.3747339999999895
20
-66.4570149999999984
11
98.3747339999999895
21
-65.5570149999999927
0
LINE
8
F.Cu
6
CONTINUOUS
10
98.3747339999999895
20
-65.5570149999999927
11
98.3937639999999902
21
-65.4613439999999969
0
LINE
8
F.Cu
6
CONTINUOUS
10
98.3937639999999902
20
-65.4613439999999969
11
98.4479570000000024
21
-65.3802379999999914
0
LINE
8
F.Cu
6
CONTINUOUS
10
98.4479570000000024
20
-65.3802379999999914
11
98.5290629999999936
21
-65.3260449999999935
0
LINE
8
F.Cu
6
CONTINUOUS
10
98.5290629999999936
20
-65.3260449999999935
11
98.6247339999999895
21
-65.3070149999999927
0
LINE
8
F.Cu
6
CONTINUOUS
10
98.6247339999999895
20
-65.3070149999999927
11
99.3247339999999923
21
-65.3070149999999927
0
LINE
8
F.Cu
6
CONTINUOUS
10
99.3247339999999923
20
-65.3070149999999927
11
99.4204050000000024
21
-65.3260449999999935
0
LINE
8
F.Cu
6
CONTINUOUS
10
90.6329039999999964
20
-64.6664789999999954
11
90.6742890000000017
21
-64.7078640000000007
0
LINE
8
F.Cu
6
CONTINUOUS
10
90.6742890000000017
20
-64.7078640000000007
11
90.6966859999999997
21
-64.7619370000000032
0
LINE
8
F.Cu
6
CONTINUOUS
10
90.6966859999999997
20
-64.7619370000000032
11
90.6966859999999997
21
-64.8204630000000037
0
LINE
8
F.Cu
6
CONTINUOUS
10
90.6966859999999997
20
-64.8204630000000037
11
90.688209999999998
21
-64.8409240000000011
0
LINE
8
F.Cu
6
CONTINUOUS
10
90.688209999999998
20
-64.8409240000000011
11
90.8394399999999962
21
-64.891334999999998
0
LINE
8
F.Cu
6
CONTINUOUS
10
90.8394399999999962
20
-64.891334999999998
11
90.8662909999999897
21
-64.9033230000000003
0
LINE
8
F.Cu
6
CONTINUOUS
10
90.8662909999999897
20
-64.9033230000000003
11
90.8703620000000001
21
-64.9068539999999956
0
LINE
8
F.Cu
6
CONTINUOUS
10
90.8703620000000001
20
-64.9068539999999956
11
90.8753399999999942
21
-64.9089159999999907
0
LINE
8
F.Cu
6
CONTINUOUS
10
90.8753399999999942
20
-64.9089159999999907
11
90.8980710000000016
21
-64.9275710000000004
0
LINE
8
F.Cu
6
CONTINUOUS
10
90.8980710000000016
20
-64.9275710000000004
11
91.0192890000000006
21
-65.0487889999999993
0
LINE
8
F.Cu
6
CONTINUOUS
10
91.0192890000000006
20
-65.0487889999999993
11
91.037943999999996
21
-65.0715199999999925
0
LINE
8
F.Cu
6
CONTINUOUS
10
91.037943999999996
20
-65.0715199999999925
11
91.060340999999994
21
-65.1255919999999975
0
LINE
8
F.Cu
6
CONTINUOUS
10
91.060340999999994
20
-65.1255919999999975
11
91.060340999999994
21
-65.184117999999998
0
LINE
8
F.Cu
6
CONTINUOUS
10
91.060340999999994
20
-65.184117999999998
11
91.037943999999996
21
-65.238190000000003
0
LINE
8
F.Cu
6
CONTINUOUS
10
91.037943999999996
20
-65.238190000000003
11
90.9965579999999932
21
-65.2795759999999916
0
LINE
8
F.Cu
6
CONTINUOUS
10
90.9965579999999932
20
-65.2795759999999916
11
90.9424860000000024
21
-65.3019730000000038
0
LINE
8
F.Cu
6
CONTINUOUS
10
90.9424860000000024
20
-65.3019730000000038
11
90.8839600000000019
21
-65.3019730000000038
0
LINE
8
F.Cu
6
CONTINUOUS
10
90.8839600000000019
20
-65.3019730000000038
11
90.8298879999999969
21
-65.2795759999999916
0
LINE
8
F.Cu
6
CONTINUOUS
10
90.8298879999999969
20
-65.2795759999999916
11
90.8071569999999895
21
-65.2609209999999962
0
LINE
8
F.Cu
6
CONTINUOUS
10
90.8071569999999895
20
-65.2609209999999962
11
90.7109760000000023
21
-65.1647399999999948
0
LINE
8
F.Cu
6
CONTINUOUS
10
90.7109760000000023
20
-65.1647399999999948
11
90.5858360000000005
21
-65.1230269999999933
0
LINE
8
F.Cu
6
CONTINUOUS
10
90.5858360000000005
20
-65.1230269999999933
11
90.513300000000001
21
-65.1230269999999933
0
LINE
8
F.Cu
6
CONTINUOUS
10
90.513300000000001
20
-65.1230269999999933
11
90.38815799999999
21
-65.1647409999999923
0
LINE
8
F.Cu
6
CONTINUOUS
10
90.38815799999999
20
-65.1647409999999923
11
89.8071059999999903
21
-65.7457940000000036
0
LINE
8
F.Cu
6
CONTINUOUS
10
89.8071059999999903
20
-65.7457940000000036
11
89.7843749999999972
21
-65.764448999999999
0
LINE
8
F.Cu
6
CONTINUOUS
10
89.7843749999999972
20
-65.764448999999999
11
89.7303029999999922
21
-65.786845999999997
0
LINE
8
F.Cu
6
CONTINUOUS
10
89.7303029999999922
20
-65.786845999999997
11
89.6717769999999916
21
-65.786845999999997
0
LINE
8
F.Cu
6
CONTINUOUS
10
89.6717769999999916
20
-65.786845999999997
11
89.6177050000000008
21
-65.764448999999999
0
LINE
8
F.Cu
6
CONTINUOUS
10
89.6177050000000008
20
-65.764448999999999
11
89.576318999999998
21
-65.7230629999999962
0
LINE
8
F.Cu
6
CONTINUOUS
10
89.576318999999998
20
-65.7230629999999962
11
89.553922
21
-65.6689909999999912
0
LINE
8
F.Cu
6
CONTINUOUS
10
89.553922
20
-65.6689909999999912
11
89.553922
21
-65.6104649999999907
0
LINE
8
F.Cu
6
CONTINUOUS
10
89.553922
20
-65.6104649999999907
11
89.576318999999998
21
-65.5563929999999999
0
LINE
8
F.Cu
6
CONTINUOUS
10
89.576318999999998
20
-65.5563929999999999
11
89.5949739999999935
21
-65.5336619999999925
0
LINE
8
F.Cu
6
CONTINUOUS
10
89.5949739999999935
20
-65.5336619999999925
11
90.4435019999999952
21
-64.6851339999999908
0
LINE
8
F.Cu
6
CONTINUOUS
10
90.4435019999999952
20
-64.6851339999999908
11
90.4662330000000026
21
-64.6664789999999954
0
LINE
8
F.Cu
6
CONTINUOUS
10
90.4662330000000026
20
-64.6664789999999954
11
90.5203049999999934
21
-64.6440819999999974
0
LINE
8
F.Cu
6
CONTINUOUS
10
90.5203049999999934
20
-64.6440819999999974
11
90.5788309999999939
21
-64.6440819999999974
0
LINE
8
F.Cu
6
CONTINUOUS
10
90.5788309999999939
20
-64.6440819999999974
11
90.6329039999999964
21
-64.6664789999999954
0
LINE
8
F.Cu
6
CONTINUOUS
10
90.3298580000000015
20
-63.5149049999999988
11
90.3712439999999901
21
-63.5562909999999945
0
LINE
8
F.Cu
6
CONTINUOUS
10
90.3712439999999901
20
-63.5562909999999945
11
90.3936399999999907
21
-63.6103629999999995
0
LINE
8
F.Cu
6
CONTINUOUS
10
90.3936399999999907
20
-63.6103629999999995
11
90.3936399999999907
21
-63.6688890000000001
0
LINE
8
F.Cu
6
CONTINUOUS
10
90.3936399999999907
20
-63.6688890000000001
11
90.3712439999999901
21
-63.7229619999999954
0
LINE
8
F.Cu
6
CONTINUOUS
10
90.3712439999999901
20
-63.7229619999999954
11
90.3525889999999947
21
-63.7456919999999982
0
LINE
8
F.Cu
6
CONTINUOUS
10
90.3525889999999947
20
-63.7456919999999982
11
90.0343900000000019
21
-64.0638900000000007
0
LINE
8
F.Cu
6
CONTINUOUS
10
90.0343900000000019
20
-64.0638900000000007
11
90.2313699999999983
21
-64.260869999999997
0
LINE
8
F.Cu
6
CONTINUOUS
10
90.2313699999999983
20
-64.260869999999997
11
90.2500249999999937
21
-64.2836009999999902
0
LINE
8
F.Cu
6
CONTINUOUS
10
90.2500249999999937
20
-64.2836009999999902
11
90.2724219999999917
21
-64.3376729999999952
0
LINE
8
F.Cu
6
CONTINUOUS
10
90.2724219999999917
20
-64.3376729999999952
11
90.2724219999999917
21
-64.3961989999999957
0
LINE
8
F.Cu
6
CONTINUOUS
10
90.2724219999999917
20
-64.3961989999999957
11
90.2500249999999937
21
-64.4502710000000008
0
LINE
8
F.Cu
6
CONTINUOUS
10
90.2500249999999937
20
-64.4502710000000008
11
90.2086389999999909
21
-64.4916570000000036
0
LINE
8
F.Cu
6
CONTINUOUS
10
90.2086389999999909
20
-64.4916570000000036
11
90.1545670000000001
21
-64.5140540000000016
0
LINE
8
F.Cu
6
CONTINUOUS
10
90.1545670000000001
20
-64.5140540000000016
11
90.0960409999999996
21
-64.5140540000000016
0
LINE
8
F.Cu
6
CONTINUOUS
10
90.0960409999999996
20
-64.5140540000000016
11
90.0419689999999946
21
-64.4916570000000036
0
LINE
8
F.Cu
6
CONTINUOUS
10
90.0419689999999946
20
-64.4916570000000036
11
90.0192380000000014
21
-64.4730019999999939
0
LINE
8
F.Cu
6
CONTINUOUS
10
90.0192380000000014
20
-64.4730019999999939
11
89.8222579999999908
21
-64.2760219999999975
0
LINE
8
F.Cu
6
CONTINUOUS
10
89.8222579999999908
20
-64.2760219999999975
11
89.2866619999999926
21
-64.8116179999999957
0
LINE
8
F.Cu
6
CONTINUOUS
10
89.2866619999999926
20
-64.8116179999999957
11
89.2530619999999999
21
-64.9124189999999999
0
LINE
8
F.Cu
6
CONTINUOUS
10
89.2530619999999999
20
-64.9124189999999999
11
89.2866619999999926
21
-65.0132179999999948
0
LINE
8
F.Cu
6
CONTINUOUS
10
89.2866619999999926
20
-65.0132179999999948
11
89.3828419999999966
21
-65.1093979999999988
0
LINE
8
F.Cu
6
CONTINUOUS
10
89.3828419999999966
20
-65.1093979999999988
11
89.401496999999992
21
-65.1321289999999919
0
LINE
8
F.Cu
6
CONTINUOUS
10
89.401496999999992
20
-65.1321289999999919
11
89.42389399999999
21
-65.186200999999997
0
LINE
8
F.Cu
6
CONTINUOUS
10
89.42389399999999
20
-65.186200999999997
11
89.42389399999999
21
-65.2447269999999975
0
LINE
8
F.Cu
6
CONTINUOUS
10
89.42389399999999
20
-65.2447269999999975
11
89.401496999999992
21
-65.2987990000000025
0
LINE
8
F.Cu
6
CONTINUOUS
10
89.401496999999992
20
-65.2987990000000025
11
89.3601109999999892
21
-65.3401849999999911
0
LINE
8
F.Cu
6
CONTINUOUS
10
89.3601109999999892
20
-65.3401849999999911
11
89.3060389999999984
21
-65.3625820000000033
0
LINE
8
F.Cu
6
CONTINUOUS
10
89.3060389999999984
20
-65.3625820000000033
11
89.2475129999999979
21
-65.3625820000000033
0
LINE
8
F.Cu
6
CONTINUOUS
10
89.2475129999999979
20
-65.3625820000000033
11
89.1934409999999929
21
-65.3401849999999911
0
LINE
8
F.Cu
6
CONTINUOUS
10
89.1934409999999929
20
-65.3401849999999911
11
89.1707099999999997
21
-65.3215299999999957
0
LINE
8
F.Cu
6
CONTINUOUS
10
89.1707099999999997
20
-65.3215299999999957
11
89.0494920000000008
21
-65.2003119999999967
0
LINE
8
F.Cu
6
CONTINUOUS
10
89.0494920000000008
20
-65.2003119999999967
11
89.0308369999999911
21
-65.1775810000000035
0
LINE
8
F.Cu
6
CONTINUOUS
10
89.0308369999999911
20
-65.1775810000000035
11
89.0287739999999985
21
-65.1726010000000002
0
LINE
8
F.Cu
6
CONTINUOUS
10
89.0287739999999985
20
-65.1726010000000002
11
89.0252440000000007
21
-65.1685310000000015
0
LINE
8
F.Cu
6
CONTINUOUS
10
89.0252440000000007
20
-65.1685310000000015
11
89.0132550000000009
21
-65.1416799999999938
0
LINE
8
F.Cu
6
CONTINUOUS
10
89.0132550000000009
20
-65.1416799999999938
11
88.9526469999999989
21
-64.9598529999999954
0
LINE
8
F.Cu
6
CONTINUOUS
10
88.9526469999999989
20
-64.9598529999999954
11
88.9513649999999956
21
-64.9542179999999973
0
LINE
8
F.Cu
6
CONTINUOUS
10
88.9513649999999956
20
-64.9542179999999973
11
88.9502760000000023
21
-64.9520389999999992
0
LINE
8
F.Cu
6
CONTINUOUS
10
88.9502760000000023
20
-64.9520389999999992
11
88.9500049999999902
21
-64.9482369999999918
0
LINE
8
F.Cu
6
CONTINUOUS
10
88.9500049999999902
20
-64.9482369999999918
11
88.9461269999999899
21
-64.9311799999999977
0
LINE
8
F.Cu
6
CONTINUOUS
10
88.9461269999999899
20
-64.9311799999999977
11
88.9474589999999949
21
-64.9124240000000015
0
LINE
8
F.Cu
6
CONTINUOUS
10
88.9474589999999949
20
-64.9124240000000015
11
88.9461259999999925
21
-64.8936589999999995
0
LINE
8
F.Cu
6
CONTINUOUS
10
88.9461259999999925
20
-64.8936589999999995
11
88.9500060000000019
21
-64.8765939999999972
0
LINE
8
F.Cu
6
CONTINUOUS
10
88.9500060000000019
20
-64.8765939999999972
11
88.9502760000000023
21
-64.8727990000000005
0
LINE
8
F.Cu
6
CONTINUOUS
10
88.9502760000000023
20
-64.8727990000000005
11
88.9513639999999981
21
-64.8706229999999948
0
LINE
8
F.Cu
6
CONTINUOUS
10
88.9513639999999981
20
-64.8706229999999948
11
88.9526460000000014
21
-64.8649849999999901
0
LINE
8
F.Cu
6
CONTINUOUS
10
88.9526460000000014
20
-64.8649849999999901
11
89.0132550000000009
21
-64.6831569999999942
0
LINE
8
F.Cu
6
CONTINUOUS
10
89.0132550000000009
20
-64.6831569999999942
11
89.025242999999989
21
-64.6563069999999982
0
LINE
8
F.Cu
6
CONTINUOUS
10
89.025242999999989
20
-64.6563069999999982
11
89.0287739999999985
21
-64.6522349999999904
0
LINE
8
F.Cu
6
CONTINUOUS
10
89.0287739999999985
20
-64.6522349999999904
11
89.0308369999999911
21
-64.6472559999999987
0
LINE
8
F.Cu
6
CONTINUOUS
10
89.0308369999999911
20
-64.6472559999999987
11
89.0494920000000008
21
-64.6245249999999913
0
LINE
8
F.Cu
6
CONTINUOUS
10
89.0494920000000008
20
-64.6245249999999913
11
89.610125999999994
21
-64.0638900000000007
0
LINE
8
F.Cu
6
CONTINUOUS
10
89.610125999999994
20
-64.0638900000000007
11
89.534364999999994
21
-63.9881289999999936
0
LINE
8
F.Cu
6
CONTINUOUS
10
89.534364999999994
20
-63.9881289999999936
11
89.5157099999999986
21
-63.9653980000000004
0
LINE
8
F.Cu
6
CONTINUOUS
10
89.5157099999999986
20
-63.9653980000000004
11
89.4933130000000006
21
-63.9113259999999954
0
LINE
8
F.Cu
6
CONTINUOUS
10
89.4933130000000006
20
-63.9113259999999954
11
89.4933130000000006
21
-63.8527999999999949
0
LINE
8
F.Cu
6
CONTINUOUS
10
89.4933130000000006
20
-63.8527999999999949
11
89.5157099999999986
21
-63.798727999999997
0
LINE
8
F.Cu
6
CONTINUOUS
10
89.5157099999999986
20
-63.798727999999997
11
89.5570960000000014
21
-63.7573419999999942
0
LINE
8
F.Cu
6
CONTINUOUS
10
89.5570960000000014
20
-63.7573419999999942
11
89.6111679999999922
21
-63.7349449999999962
0
LINE
8
F.Cu
6
CONTINUOUS
10
89.6111679999999922
20
-63.7349449999999962
11
89.6696939999999927
21
-63.7349449999999962
0
LINE
8
F.Cu
6
CONTINUOUS
10
89.6696939999999927
20
-63.7349449999999962
11
89.7237659999999977
21
-63.7573419999999942
0
LINE
8
F.Cu
6
CONTINUOUS
10
89.7237659999999977
20
-63.7573419999999942
11
89.7464969999999909
21
-63.7759969999999967
0
LINE
8
F.Cu
6
CONTINUOUS
10
89.7464969999999909
20
-63.7759969999999967
11
89.8222579999999908
21
-63.8517579999999967
0
LINE
8
F.Cu
6
CONTINUOUS
10
89.8222579999999908
20
-63.8517579999999967
11
90.1404569999999978
21
-63.5335599999999943
0
LINE
8
F.Cu
6
CONTINUOUS
10
90.1404569999999978
20
-63.5335599999999943
11
90.1631869999999935
21
-63.5149049999999988
0
LINE
8
F.Cu
6
CONTINUOUS
10
90.1631869999999935
20
-63.5149049999999988
11
90.217259999999996
21
-63.4925089999999983
0
LINE
8
F.Cu
6
CONTINUOUS
10
90.217259999999996
20
-63.4925089999999983
11
90.2757859999999965
21
-63.4925089999999983
0
LINE
8
F.Cu
6
CONTINUOUS
10
90.2757859999999965
20
-63.4925089999999983
11
90.3298580000000015
21
-63.5149049999999988
0
LINE
8
F.Cu
6
CONTINUOUS
10
89.2995030000000014
20
-62.4845499999999987
11
89.3408879999999925
21
-62.5259349999999969
0
LINE
8
F.Cu
6
CONTINUOUS
10
89.3408879999999925
20
-62.5259349999999969
11
89.3632849999999905
21
-62.5800079999999994
0
LINE
8
F.Cu
6
CONTINUOUS
10
89.3632849999999905
20
-62.5800079999999994
11
89.3632849999999905
21
-62.6385339999999999
0
LINE
8
F.Cu
6
CONTINUOUS
10
89.3632849999999905
20
-62.6385339999999999
11
89.3408879999999925
21
-62.6926059999999978
0
LINE
8
F.Cu
6
CONTINUOUS
10
89.3408879999999925
20
-62.6926059999999978
11
89.3222329999999971
21
-62.7153369999999981
0
LINE
8
F.Cu
6
CONTINUOUS
10
89.3222329999999971
20
-62.7153369999999981
11
88.669162
21
-63.3684079999999952
0
LINE
8
F.Cu
6
CONTINUOUS
10
88.669162
20
-63.3684079999999952
11
89.2767759999999981
21
-63.3684079999999952
0
LINE
8
F.Cu
6
CONTINUOUS
10
89.2767759999999981
20
-63.3684079999999952
11
89.3060399999999959
21
-63.3712899999999948
0
LINE
8
F.Cu
6
CONTINUOUS
10
89.3060399999999959
20
-63.3712899999999948
11
89.3601120000000009
21
-63.3936879999999974
0
LINE
8
F.Cu
6
CONTINUOUS
10
89.3601120000000009
20
-63.3936879999999974
11
89.4014959999999945
21
-63.4350719999999981
0
LINE
8
F.Cu
6
CONTINUOUS
10
89.4014959999999945
20
-63.4350719999999981
11
89.42389399999999
21
-63.489143999999996
0
LINE
8
F.Cu
6
CONTINUOUS
10
89.42389399999999
20
-63.489143999999996
11
89.42389399999999
21
-63.5476719999999986
0
LINE
8
F.Cu
6
CONTINUOUS
10
89.42389399999999
20
-63.5476719999999986
11
89.4014959999999945
21
-63.6017439999999965
0
LINE
8
F.Cu
6
CONTINUOUS
10
89.4014959999999945
20
-63.6017439999999965
11
89.3601120000000009
21
-63.6431279999999973
0
LINE
8
F.Cu
6
CONTINUOUS
10
89.3601120000000009
20
-63.6431279999999973
11
89.3060399999999959
21
-63.6655259999999998
0
LINE
8
F.Cu
6
CONTINUOUS
10
89.3060399999999959
20
-63.6655259999999998
11
89.2767759999999981
21
-63.6684079999999994
0
LINE
8
F.Cu
6
CONTINUOUS
10
89.2767759999999981
20
-63.6684079999999994
11
88.6795599999999951
21
-63.6684079999999994
0
LINE
8
F.Cu
6
CONTINUOUS
10
88.6795599999999951
20
-63.6684079999999994
11
88.5767400000000009
21
-64.3881489999999985
0
LINE
8
F.Cu
6
CONTINUOUS
10
88.5767400000000009
20
-64.3881489999999985
11
88.5697490000000016
21
-64.4167109999999923
0
LINE
8
F.Cu
6
CONTINUOUS
10
88.5697490000000016
20
-64.4167109999999923
11
88.5399290000000008
21
-64.4670720000000017
0
LINE
8
F.Cu
6
CONTINUOUS
10
88.5399290000000008
20
-64.4670720000000017
11
88.4931079999999923
21
-64.5021880000000039
0
LINE
8
F.Cu
6
CONTINUOUS
10
88.4931079999999923
20
-64.5021880000000039
11
88.43641199999999
21
-64.5167139999999932
0
LINE
8
F.Cu
6
CONTINUOUS
10
88.43641199999999
20
-64.5167139999999932
11
88.3784729999999996
21
-64.5084370000000007
0
LINE
8
F.Cu
6
CONTINUOUS
10
88.3784729999999996
20
-64.5084370000000007
11
88.3281119999999902
21
-64.4786169999999998
0
LINE
8
F.Cu
6
CONTINUOUS
10
88.3281119999999902
20
-64.4786169999999998
11
88.2929960000000023
21
-64.4317959999999914
0
LINE
8
F.Cu
6
CONTINUOUS
10
88.2929960000000023
20
-64.4317959999999914
11
88.2784699999999987
21
-64.3751000000000033
0
LINE
8
F.Cu
6
CONTINUOUS
10
88.2784699999999987
20
-64.3751000000000033
11
88.2797559999999919
21
-64.3457229999999925
0
LINE
8
F.Cu
6
CONTINUOUS
10
88.2797559999999919
20
-64.3457229999999925
11
88.3765149999999977
21
-63.6684079999999994
0
LINE
8
F.Cu
6
CONTINUOUS
10
88.3765149999999977
20
-63.6684079999999994
11
88.3691620000000029
21
-63.6684079999999994
0
LINE
8
F.Cu
6
CONTINUOUS
10
88.3691620000000029
20
-63.6684079999999994
11
88.0494410000000016
21
-63.9881289999999936
0
LINE
8
F.Cu
6
CONTINUOUS
10
88.0494410000000016
20
-63.9881289999999936
11
88.0267099999999942
21
-64.0067839999999961
0
LINE
8
F.Cu
6
CONTINUOUS
10
88.0267099999999942
20
-64.0067839999999961
11
87.9726379999999892
21
-64.0291809999999941
0
LINE
8
F.Cu
6
CONTINUOUS
10
87.9726379999999892
20
-64.0291809999999941
11
87.9141120000000029
21
-64.0291809999999941
0
LINE
8
F.Cu
6
CONTINUOUS
10
87.9141120000000029
20
-64.0291809999999941
11
87.8600399999999979
21
-64.0067839999999961
0
LINE
8
F.Cu
6
CONTINUOUS
10
87.8600399999999979
20
-64.0067839999999961
11
87.8186539999999951
21
-63.9653980000000004
0
LINE
8
F.Cu
6
CONTINUOUS
10
87.8186539999999951
20
-63.9653980000000004
11
87.7962569999999971
21
-63.9113259999999954
0
LINE
8
F.Cu
6
CONTINUOUS
10
87.7962569999999971
20
-63.9113259999999954
11
87.7962569999999971
21
-63.8527999999999949
0
LINE
8
F.Cu
6
CONTINUOUS
10
87.7962569999999971
20
-63.8527999999999949
11
87.8186539999999951
21
-63.798727999999997
0
LINE
8
F.Cu
6
CONTINUOUS
10
87.8186539999999951
20
-63.798727999999997
11
87.8373089999999905
21
-63.7759969999999967
0
LINE
8
F.Cu
6
CONTINUOUS
10
87.8373089999999905
20
-63.7759969999999967
11
89.1101010000000002
21
-62.5032049999999941
0
LINE
8
F.Cu
6
CONTINUOUS
10
89.1101010000000002
20
-62.5032049999999941
11
89.1328319999999934
21
-62.4845499999999987
0
LINE
8
F.Cu
6
CONTINUOUS
10
89.1328319999999934
20
-62.4845499999999987
11
89.1869039999999984
21
-62.4621530000000007
0
LINE
8
F.Cu
6
CONTINUOUS
10
89.1869039999999984
20
-62.4621530000000007
11
89.2454299999999989
21
-62.4621530000000007
0
LINE
8
F.Cu
6
CONTINUOUS
10
89.2454299999999989
20
-62.4621530000000007
11
89.2995030000000014
21
-62.4845499999999987
0
LINE
8
F.Cu
6
CONTINUOUS
10
87.6761539999999968
20
-61.858235999999998
11
87.679947999999996
21
-61.8585059999999984
0
LINE
8
F.Cu
6
CONTINUOUS
10
87.679947999999996
20
-61.8585059999999984
11
87.68212299999999
21
-61.8595929999999967
0
LINE
8
F.Cu
6
CONTINUOUS
10
87.68212299999999
20
-61.8595929999999967
11
87.6877629999999897
21
-61.8608759999999975
0
LINE
8
F.Cu
6
CONTINUOUS
10
87.6877629999999897
20
-61.8608759999999975
11
87.8695909999999998
21
-61.921484999999997
0
LINE
8
F.Cu
6
CONTINUOUS
10
87.8695909999999998
20
-61.921484999999997
11
87.8964409999999958
21
-61.9334729999999993
0
LINE
8
F.Cu
6
CONTINUOUS
10
87.8964409999999958
20
-61.9334729999999993
11
87.900511999999992
21
-61.9370029999999971
0
LINE
8
F.Cu
6
CONTINUOUS
10
87.900511999999992
20
-61.9370029999999971
11
87.9054929999999928
21
-61.9390669999999943
0
LINE
8
F.Cu
6
CONTINUOUS
10
87.9054929999999928
20
-61.9390669999999943
11
87.9282230000000027
21
-61.9577219999999969
0
LINE
8
F.Cu
6
CONTINUOUS
10
87.9282230000000027
20
-61.9577219999999969
11
88.1706590000000006
21
-62.2001589999999993
0
LINE
8
F.Cu
6
CONTINUOUS
10
88.1706590000000006
20
-62.2001589999999993
11
88.189313999999996
21
-62.2228899999999996
0
LINE
8
F.Cu
6
CONTINUOUS
10
88.189313999999996
20
-62.2228899999999996
11
88.1913759999999911
21
-62.2278689999999983
0
LINE
8
F.Cu
6
CONTINUOUS
10
88.1913759999999911
20
-62.2278689999999983
11
88.1949070000000006
21
-62.2319399999999945
0
LINE
8
F.Cu
6
CONTINUOUS
10
88.1949070000000006
20
-62.2319399999999945
11
88.2068960000000004
21
-62.2587909999999951
0
LINE
8
F.Cu
6
CONTINUOUS
10
88.2068960000000004
20
-62.2587909999999951
11
88.2675040000000024
21
-62.4406189999999981
0
LINE
8
F.Cu
6
CONTINUOUS
10
88.2675040000000024
20
-62.4406189999999981
11
88.2687849999999941
21
-62.4462549999999936
0
LINE
8
F.Cu
6
CONTINUOUS
10
88.2687849999999941
20
-62.4462549999999936
11
88.269874999999999
21
-62.4484339999999989
0
LINE
8
F.Cu
6
CONTINUOUS
10
88.269874999999999
20
-62.4484339999999989
11
88.2701449999999994
21
-62.4522329999999997
0
LINE
8
F.Cu
6
CONTINUOUS
10
88.2701449999999994
20
-62.4522329999999997
11
88.2740239999999972
21
-62.4692919999999958
0
LINE
8
F.Cu
6
CONTINUOUS
10
88.2740239999999972
20
-62.4692919999999958
11
88.2726899999999972
21
-62.4880529999999936
0
LINE
8
F.Cu
6
CONTINUOUS
10
88.2726899999999972
20
-62.4880529999999936
11
88.2740239999999972
21
-62.5068139999999985
0
LINE
8
F.Cu
6
CONTINUOUS
10
88.2740239999999972
20
-62.5068139999999985
11
88.2701440000000019
21
-62.5238729999999947
0
LINE
8
F.Cu
6
CONTINUOUS
10
88.2701440000000019
20
-62.5238729999999947
11
88.269874999999999
21
-62.5276719999999955
0
LINE
8
F.Cu
6
CONTINUOUS
10
88.269874999999999
20
-62.5276719999999955
11
88.2687849999999941
21
-62.5298489999999987
0
LINE
8
F.Cu
6
CONTINUOUS
10
88.2687849999999941
20
-62.5298489999999987
11
88.2675040000000024
21
-62.5354879999999937
0
LINE
8
F.Cu
6
CONTINUOUS
10
88.2675040000000024
20
-62.5354879999999937
11
88.2068950000000029
21
-62.7173139999999947
0
LINE
8
F.Cu
6
CONTINUOUS
10
88.2068950000000029
20
-62.7173139999999947
11
88.1949070000000006
21
-62.7441649999999953
0
LINE
8
F.Cu
6
CONTINUOUS
10
88.1949070000000006
20
-62.7441649999999953
11
88.1913759999999911
21
-62.748234999999994
0
LINE
8
F.Cu
6
CONTINUOUS
10
88.1913759999999911
20
-62.748234999999994
11
88.189313999999996
21
-62.7532149999999973
0
LINE
8
F.Cu
6
CONTINUOUS
10
88.189313999999996
20
-62.7532149999999973
11
88.1706590000000006
21
-62.7759459999999976
0
LINE
8
F.Cu
6
CONTINUOUS
10
88.1706590000000006
20
-62.7759459999999976
11
88.0495540000000005
21
-62.8970509999999976
0
LINE
8
F.Cu
6
CONTINUOUS
10
88.0495540000000005
20
-62.8970509999999976
11
88.0495519999999914
21
-62.8970539999999971
0
LINE
8
F.Cu
6
CONTINUOUS
10
88.0495519999999914
20
-62.8970539999999971
11
88.0495480000000015
21
-62.8970559999999992
0
LINE
8
F.Cu
6
CONTINUOUS
10
88.0495480000000015
20
-62.8970559999999992
11
88.0494410000000016
21
-62.8971639999999965
0
LINE
8
F.Cu
6
CONTINUOUS
10
88.0494410000000016
20
-62.8971639999999965
11
88.0267099999999942
21
-62.9158189999999991
0
LINE
8
F.Cu
6
CONTINUOUS
10
88.0267099999999942
20
-62.9158189999999991
11
88.0131319999999988
21
-62.921441999999999
0
LINE
8
F.Cu
6
CONTINUOUS
10
88.0131319999999988
20
-62.921441999999999
11
88.0009220000000028
21
-62.9296199999999999
0
LINE
8
F.Cu
6
CONTINUOUS
10
88.0009220000000028
20
-62.9296199999999999
11
87.9863589999999931
21
-62.9325319999999948
0
LINE
8
F.Cu
6
CONTINUOUS
10
87.9863589999999931
20
-62.9325319999999948
11
87.9726379999999892
21
-62.9382159999999971
0
LINE
8
F.Cu
6
CONTINUOUS
10
87.9726379999999892
20
-62.9382159999999971
11
87.9579430000000002
21
-62.9382159999999971
0
LINE
8
F.Cu
6
CONTINUOUS
10
87.9579430000000002
20
-62.9382159999999971
11
87.9435330000000022
21
-62.9410979999999967
0
LINE
8
F.Cu
6
CONTINUOUS
10
87.9435330000000022
20
-62.9410979999999967
11
87.928962999999996
21
-62.9382159999999971
0
LINE
8
F.Cu
6
CONTINUOUS
10
87.928962999999996
20
-62.9382159999999971
11
87.9141120000000029
21
-62.9382159999999971
0
LINE
8
F.Cu
6
CONTINUOUS
10
87.9141120000000029
20
-62.9382159999999971
11
87.9005369999999999
21
-62.9325929999999971
0
LINE
8
F.Cu
6
CONTINUOUS
10
87.9005369999999999
20
-62.9325929999999971
11
87.8861179999999962
21
-62.9297409999999999
0
LINE
8
F.Cu
6
CONTINUOUS
10
87.8861179999999962
20
-62.9297409999999999
11
87.8601699999999965
21
-62.9159059999999997
0
LINE
8
F.Cu
6
CONTINUOUS
10
87.8601699999999965
20
-62.9159059999999997
11
87.2351769999999931
21
-62.4992439999999974
0
LINE
8
F.Cu
6
CONTINUOUS
10
87.2351769999999931
20
-62.4992439999999974
11
87.1047319999999985
21
-62.6296889999999991
0
LINE
8
F.Cu
6
CONTINUOUS
10
87.1047319999999985
20
-62.6296889999999991
11
87.0711319999999915
21
-62.730487999999994
0
LINE
8
F.Cu
6
CONTINUOUS
10
87.0711319999999915
20
-62.730487999999994
11
87.1047319999999985
21
-62.8312889999999982
0
LINE
8
F.Cu
6
CONTINUOUS
10
87.1047319999999985
20
-62.8312889999999982
11
87.2970919999999921
21
-63.0236479999999943
0
LINE
8
F.Cu
6
CONTINUOUS
10
87.2970919999999921
20
-63.0236479999999943
11
87.4453259999999943
21
-63.0730590000000007
0
LINE
8
F.Cu
6
CONTINUOUS
10
87.4453259999999943
20
-63.0730590000000007
11
87.4721770000000021
21
-63.0850480000000005
0
LINE
8
F.Cu
6
CONTINUOUS
10
87.4721770000000021
20
-63.0850480000000005
11
87.5163909999999987
21
-63.123394999999995
0
LINE
8
F.Cu
6
CONTINUOUS
10
87.5163909999999987
20
-63.123394999999995
11
87.5425639999999987
21
-63.1757419999999996
0
LINE
8
F.Cu
6
CONTINUOUS
10
87.5425639999999987
20
-63.1757419999999996
11
87.5467139999999944
21
-63.2341219999999993
0
LINE
8
F.Cu
6
CONTINUOUS
10
87.5467139999999944
20
-63.2341219999999993
11
87.5282059999999973
21
-63.2896469999999951
0
LINE
8
F.Cu
6
CONTINUOUS
10
87.5282059999999973
20
-63.2896469999999951
11
87.4898579999999981
21
-63.3338609999999989
0
LINE
8
F.Cu
6
CONTINUOUS
10
87.4898579999999981
20
-63.3338609999999989
11
87.4375110000000006
21
-63.3600349999999963
0
LINE
8
F.Cu
6
CONTINUOUS
10
87.4375110000000006
20
-63.3600349999999963
11
87.379131000000001
21
-63.3641839999999945
0
LINE
8
F.Cu
6
CONTINUOUS
10
87.379131000000001
20
-63.3641839999999945
11
87.3504569999999916
21
-63.3576639999999998
0
LINE
8
F.Cu
6
CONTINUOUS
10
87.3504569999999916
20
-63.3576639999999998
11
87.1686309999999906
21
-63.2970550000000003
0
LINE
8
F.Cu
6
CONTINUOUS
10
87.1686309999999906
20
-63.2970550000000003
11
87.1417799999999971
21
-63.285066999999998
0
LINE
8
F.Cu
6
CONTINUOUS
10
87.1417799999999971
20
-63.285066999999998
11
87.137709000000001
21
-63.2815359999999956
0
LINE
8
F.Cu
6
CONTINUOUS
10
87.137709000000001
20
-63.2815359999999956
11
87.1327299999999951
21
-63.2794740000000004
0
LINE
8
F.Cu
6
CONTINUOUS
10
87.1327299999999951
20
-63.2794740000000004
11
87.109999000000002
21
-63.2608189999999979
0
LINE
8
F.Cu
6
CONTINUOUS
10
87.109999000000002
20
-63.2608189999999979
11
86.8675619999999924
21
-63.018383
0
LINE
8
F.Cu
6
CONTINUOUS
10
86.8675619999999924
20
-63.018383
11
86.848906999999997
21
-62.9956529999999972
0
LINE
8
F.Cu
6
CONTINUOUS
10
86.848906999999997
20
-62.9956529999999972
11
86.8468429999999927
21
-62.9906719999999964
0
LINE
8
F.Cu
6
CONTINUOUS
10
86.8468429999999927
20
-62.9906719999999964
11
86.8433129999999949
21
-62.9866010000000003
0
LINE
8
F.Cu
6
CONTINUOUS
10
86.8433129999999949
20
-62.9866010000000003
11
86.8313249999999925
21
-62.9597509999999971
0
LINE
8
F.Cu
6
CONTINUOUS
10
86.8313249999999925
20
-62.9597509999999971
11
86.7707159999999931
21
-62.7779229999999941
0
LINE
8
F.Cu
6
CONTINUOUS
10
86.7707159999999931
20
-62.7779229999999941
11
86.7694339999999897
21
-62.7722839999999991
0
LINE
8
F.Cu
6
CONTINUOUS
10
86.7694339999999897
20
-62.7722839999999991
11
86.768345999999994
21
-62.7701089999999979
0
LINE
8
F.Cu
6
CONTINUOUS
10
86.768345999999994
20
-62.7701089999999979
11
86.7680759999999935
21
-62.7663129999999967
0
LINE
8
F.Cu
6
CONTINUOUS
10
86.7680759999999935
20
-62.7663129999999967
11
86.7641959999999983
21
-62.7492489999999989
0
LINE
8
F.Cu
6
CONTINUOUS
10
86.7641959999999983
20
-62.7492489999999989
11
86.7655290000000008
21
-62.7304829999999995
0
LINE
8
F.Cu
6
CONTINUOUS
10
86.7655290000000008
20
-62.7304829999999995
11
86.7641969999999958
21
-62.7117279999999937
0
LINE
8
F.Cu
6
CONTINUOUS
10
86.7641969999999958
20
-62.7117279999999937
11
86.7680749999999961
21
-62.694669999999995
0
LINE
8
F.Cu
6
CONTINUOUS
10
86.7680749999999961
20
-62.694669999999995
11
86.768345999999994
21
-62.6908689999999993
0
LINE
8
F.Cu
6
CONTINUOUS
10
86.768345999999994
20
-62.6908689999999993
11
86.7694350000000014
21
-62.6886889999999966
0
LINE
8
F.Cu
6
CONTINUOUS
10
86.7694350000000014
20
-62.6886889999999966
11
86.7707169999999905
21
-62.683054999999996
0
LINE
8
F.Cu
6
CONTINUOUS
10
86.7707169999999905
20
-62.683054999999996
11
86.8313249999999925
21
-62.5012279999999976
0
LINE
8
F.Cu
6
CONTINUOUS
10
86.8313249999999925
20
-62.5012279999999976
11
86.8433139999999923
21
-62.4743769999999969
0
LINE
8
F.Cu
6
CONTINUOUS
10
86.8433139999999923
20
-62.4743769999999969
11
86.8468439999999902
21
-62.4703059999999937
0
LINE
8
F.Cu
6
CONTINUOUS
10
86.8468439999999902
20
-62.4703059999999937
11
86.848906999999997
21
-62.4653269999999949
0
LINE
8
F.Cu
6
CONTINUOUS
10
86.848906999999997
20
-62.4653269999999949
11
86.8675619999999924
21
-62.4425959999999947
0
LINE
8
F.Cu
6
CONTINUOUS
10
86.8675619999999924
20
-62.4425959999999947
11
87.3524359999999973
21
-61.9577219999999969
0
LINE
8
F.Cu
6
CONTINUOUS
10
87.3524359999999973
20
-61.9577219999999969
11
87.375165999999993
21
-61.9390669999999943
0
LINE
8
F.Cu
6
CONTINUOUS
10
87.375165999999993
20
-61.9390669999999943
11
87.3801469999999938
21
-61.9370029999999971
0
LINE
8
F.Cu
6
CONTINUOUS
10
87.3801469999999938
20
-61.9370029999999971
11
87.3842169999999925
21
-61.9334739999999968
0
LINE
8
F.Cu
6
CONTINUOUS
10
87.3842169999999925
20
-61.9334739999999968
11
87.4110680000000002
21
-61.9214859999999945
0
LINE
8
F.Cu
6
CONTINUOUS
10
87.4110680000000002
20
-61.9214859999999945
11
87.5928940000000011
21
-61.860876999999995
0
LINE
8
F.Cu
6
CONTINUOUS
10
87.5928940000000011
20
-61.860876999999995
11
87.5985299999999967
21
-61.8595949999999988
0
LINE
8
F.Cu
6
CONTINUOUS
10
87.5985299999999967
20
-61.8595949999999988
11
87.6007089999999948
21
-61.8585059999999984
0
LINE
8
F.Cu
6
CONTINUOUS
10
87.6007089999999948
20
-61.8585059999999984
11
87.6045089999999931
21
-61.8582350000000005
0
LINE
8
F.Cu
6
CONTINUOUS
10
87.6045089999999931
20
-61.8582350000000005
11
87.6215679999999963
21
-61.8543570000000003
0
LINE
8
F.Cu
6
CONTINUOUS
10
87.6215679999999963
20
-61.8543570000000003
11
87.6403229999999951
21
-61.8556889999999981
0
LINE
8
F.Cu
6
CONTINUOUS
10
87.6403229999999951
20
-61.8556889999999981
11
87.6590889999999945
21
-61.8543559999999957
0
LINE
8
F.Cu
6
CONTINUOUS
10
87.6590889999999945
20
-61.8543559999999957
11
87.6761539999999968
21
-61.858235999999998
0
LINE
8
F.Cu
6
CONTINUOUS
10
87.5395290000000017
20
-62.1948919999999958
11
87.451509999999999
21
-62.2829109999999986
0
LINE
8
F.Cu
6
CONTINUOUS
10
87.451509999999999
20
-62.2829109999999986
11
87.9242619999999988
21
-62.5980779999999939
0
LINE
8
F.Cu
6
CONTINUOUS
10
87.9242619999999988
20
-62.5980779999999939
11
87.933487999999997
21
-62.5888519999999957
0
LINE
8
F.Cu
6
CONTINUOUS
10
87.933487999999997
20
-62.5888519999999957
11
87.9670869999999923
21
-62.4880529999999936
0
LINE
8
F.Cu
6
CONTINUOUS
10
87.9670869999999923
20
-62.4880529999999936
11
87.9334869999999995
21
-62.3872509999999991
0
LINE
8
F.Cu
6
CONTINUOUS
10
87.9334869999999995
20
-62.3872509999999991
11
87.7411290000000008
21
-62.1948919999999958
0
LINE
8
F.Cu
6
CONTINUOUS
10
87.7411290000000008
20
-62.1948919999999958
11
87.6403289999999942
21
-62.1612930000000006
0
LINE
8
F.Cu
6
CONTINUOUS
10
87.6403289999999942
20
-62.1612930000000006
11
87.5395290000000017
21
-62.1948919999999958
0
LINE
8
F.Cu
6
CONTINUOUS
10
87.5418379999999985
20
-60.7268849999999958
11
87.5832229999999896
21
-60.7682709999999986
0
LINE
8
F.Cu
6
CONTINUOUS
10
87.5832229999999896
20
-60.7682709999999986
11
87.6056200000000018
21
-60.8223429999999965
0
LINE
8
F.Cu
6
CONTINUOUS
10
87.6056200000000018
20
-60.8223429999999965
11
87.6056200000000018
21
-60.880868999999997
0
LINE
8
F.Cu
6
CONTINUOUS
10
87.6056200000000018
20
-60.880868999999997
11
87.5832229999999896
21
-60.9349409999999949
0
LINE
8
F.Cu
6
CONTINUOUS
10
87.5832229999999896
20
-60.9349409999999949
11
87.5645679999999942
21
-60.9576719999999952
0
LINE
8
F.Cu
6
CONTINUOUS
10
87.5645679999999942
20
-60.9576719999999952
11
86.4986409999999921
21
-62.0235969999999952
0
LINE
8
F.Cu
6
CONTINUOUS
10
86.4986409999999921
20
-62.0235969999999952
11
86.4650409999999994
21
-62.1243979999999993
0
LINE
8
F.Cu
6
CONTINUOUS
10
86.4650409999999994
20
-62.1243979999999993
11
86.5098389999999995
21
-62.2587899999999976
0
LINE
8
F.Cu
6
CONTINUOUS
10
86.5098389999999995
20
-62.2587899999999976
11
86.5163589999999942
21
-62.2874639999999999
0
LINE
8
F.Cu
6
CONTINUOUS
10
86.5163589999999942
20
-62.2874639999999999
11
86.5122099999999961
21
-62.3458439999999996
0
LINE
8
F.Cu
6
CONTINUOUS
10
86.5122099999999961
20
-62.3458439999999996
11
86.4860359999999986
21
-62.3981909999999971
0
LINE
8
F.Cu
6
CONTINUOUS
10
86.4860359999999986
20
-62.3981909999999971
11
86.4418220000000019
21
-62.4365389999999962
0
LINE
8
F.Cu
6
CONTINUOUS
10
86.4418220000000019
20
-62.4365389999999962
11
86.386296999999999
21
-62.4550470000000004
0
LINE
8
F.Cu
6
CONTINUOUS
10
86.386296999999999
20
-62.4550470000000004
11
86.3279169999999993
21
-62.4508969999999977
0
LINE
8
F.Cu
6
CONTINUOUS
10
86.3279169999999993
20
-62.4508969999999977
11
86.2755700000000019
21
-62.4247239999999977
0
LINE
8
F.Cu
6
CONTINUOUS
10
86.2755700000000019
20
-62.4247239999999977
11
86.2372230000000002
21
-62.3805099999999939
0
LINE
8
F.Cu
6
CONTINUOUS
10
86.2372230000000002
20
-62.3805099999999939
11
86.2252340000000004
21
-62.3536590000000004
0
LINE
8
F.Cu
6
CONTINUOUS
10
86.2252340000000004
20
-62.3536590000000004
11
86.1646259999999984
21
-62.1718319999999949
0
LINE
8
F.Cu
6
CONTINUOUS
10
86.1646259999999984
20
-62.1718319999999949
11
86.163343999999995
21
-62.1661969999999968
0
LINE
8
F.Cu
6
CONTINUOUS
10
86.163343999999995
20
-62.1661969999999968
11
86.1622550000000018
21
-62.1640179999999987
0
LINE
8
F.Cu
6
CONTINUOUS
10
86.1622550000000018
20
-62.1640179999999987
11
86.1619839999999897
21
-62.1602159999999984
0
LINE
8
F.Cu
6
CONTINUOUS
10
86.1619839999999897
20
-62.1602159999999984
11
86.1581059999999894
21
-62.1431589999999971
0
LINE
8
F.Cu
6
CONTINUOUS
10
86.1581059999999894
20
-62.1431589999999971
11
86.1594379999999944
21
-62.1244029999999938
0
LINE
8
F.Cu
6
CONTINUOUS
10
86.1594379999999944
20
-62.1244029999999938
11
86.1581049999999919
21
-62.105637999999999
0
LINE
8
F.Cu
6
CONTINUOUS
10
86.1581049999999919
20
-62.105637999999999
11
86.1619850000000014
21
-62.0885729999999967
0
LINE
8
F.Cu
6
CONTINUOUS
10
86.1619850000000014
20
-62.0885729999999967
11
86.1622550000000018
21
-62.084778
0
LINE
8
F.Cu
6
CONTINUOUS
10
86.1622550000000018
20
-62.084778
11
86.1633429999999976
21
-62.0826019999999943
0
LINE
8
F.Cu
6
CONTINUOUS
10
86.1633429999999976
20
-62.0826019999999943
11
86.1646250000000009
21
-62.0769639999999967
0
LINE
8
F.Cu
6
CONTINUOUS
10
86.1646250000000009
20
-62.0769639999999967
11
86.2252340000000004
21
-61.8951359999999937
0
LINE
8
F.Cu
6
CONTINUOUS
10
86.2252340000000004
20
-61.8951359999999937
11
86.2372220000000027
21
-61.8682859999999977
0
LINE
8
F.Cu
6
CONTINUOUS
10
86.2372220000000027
20
-61.8682859999999977
11
86.240752999999998
21
-61.8642139999999969
0
LINE
8
F.Cu
6
CONTINUOUS
10
86.240752999999998
20
-61.8642139999999969
11
86.2428159999999906
21
-61.8592349999999982
0
LINE
8
F.Cu
6
CONTINUOUS
10
86.2428159999999906
20
-61.8592349999999982
11
86.2614710000000002
21
-61.8365039999999979
0
LINE
8
F.Cu
6
CONTINUOUS
10
86.2614710000000002
20
-61.8365039999999979
11
87.3524359999999973
21
-60.7455399999999983
0
LINE
8
F.Cu
6
CONTINUOUS
10
87.3524359999999973
20
-60.7455399999999983
11
87.3751669999999905
21
-60.7268849999999958
0
LINE
8
F.Cu
6
CONTINUOUS
10
87.3751669999999905
20
-60.7268849999999958
11
87.4292389999999955
21
-60.7044879999999978
0
LINE
8
F.Cu
6
CONTINUOUS
10
87.4292389999999955
20
-60.7044879999999978
11
87.487764999999996
21
-60.7044879999999978
0
LINE
8
F.Cu
6
CONTINUOUS
10
87.487764999999996
20
-60.7044879999999978
11
87.5418379999999985
21
-60.7268849999999958
0
LINE
8
F.Cu
6
CONTINUOUS
10
86.3902640000000019
20
-59.5753109999999992
11
86.3902679999999918
21
-59.5753149999999962
0
LINE
8
F.Cu
6
CONTINUOUS
10
86.3902679999999918
20
-59.5753149999999962
11
86.4129939999999976
21
-59.5939659999999947
0
LINE
8
F.Cu
6
CONTINUOUS
10
86.4129939999999976
20
-59.5939659999999947
11
87.0190860000000015
21
-60.2000569999999939
0
LINE
8
F.Cu
6
CONTINUOUS
10
87.0190860000000015
20
-60.2000569999999939
11
87.0377409999999969
21
-60.2227879999999942
0
LINE
8
F.Cu
6
CONTINUOUS
10
87.0377409999999969
20
-60.2227879999999942
11
87.0601379999999949
21
-60.2768599999999992
0
LINE
8
F.Cu
6
CONTINUOUS
10
87.0601379999999949
20
-60.2768599999999992
11
87.0601379999999949
21
-60.3353859999999997
0
LINE
8
F.Cu
6
CONTINUOUS
10
87.0601379999999949
20
-60.3353859999999997
11
87.0377409999999969
21
-60.3894579999999976
0
LINE
8
F.Cu
6
CONTINUOUS
10
87.0377409999999969
20
-60.3894579999999976
11
86.9963559999999916
21
-60.4308440000000004
0
LINE
8
F.Cu
6
CONTINUOUS
10
86.9963559999999916
20
-60.4308440000000004
11
86.9422829999999891
21
-60.4532409999999985
0
LINE
8
F.Cu
6
CONTINUOUS
10
86.9422829999999891
20
-60.4532409999999985
11
86.8837570000000028
21
-60.4532409999999985
0
LINE
8
F.Cu
6
CONTINUOUS
10
86.8837570000000028
20
-60.4532409999999985
11
86.8296849999999978
21
-60.4308440000000004
0
LINE
8
F.Cu
6
CONTINUOUS
10
86.8296849999999978
20
-60.4308440000000004
11
86.8069539999999904
21
-60.4121889999999979
0
LINE
8
F.Cu
6
CONTINUOUS
10
86.8069539999999904
20
-60.4121889999999979
11
86.3069279999999992
21
-59.9121629999999996
0
LINE
8
F.Cu
6
CONTINUOUS
10
86.3069279999999992
20
-59.9121629999999996
11
85.9129679999999922
21
-60.3061229999999995
0
LINE
8
F.Cu
6
CONTINUOUS
10
85.9129679999999922
20
-60.3061229999999995
11
86.2311669999999992
21
-60.6243219999999994
0
LINE
8
F.Cu
6
CONTINUOUS
10
86.2311669999999992
20
-60.6243219999999994
11
86.2498219999999947
21
-60.6470529999999997
0
LINE
8
F.Cu
6
CONTINUOUS
10
86.2498219999999947
20
-60.6470529999999997
11
86.2722189999999927
21
-60.701125999999995
0
LINE
8
F.Cu
6
CONTINUOUS
10
86.2722189999999927
20
-60.701125999999995
11
86.2722189999999927
21
-60.7596509999999981
0
LINE
8
F.Cu
6
CONTINUOUS
10
86.2722189999999927
20
-60.7596509999999981
11
86.2498219999999947
21
-60.8137240000000006
0
LINE
8
F.Cu
6
CONTINUOUS
10
86.2498219999999947
20
-60.8137240000000006
11
86.2084359999999919
21
-60.8551089999999988
0
LINE
8
F.Cu
6
CONTINUOUS
10
86.2084359999999919
20
-60.8551089999999988
11
86.1543640000000011
21
-60.8775059999999968
0
LINE
8
F.Cu
6
CONTINUOUS
10
86.1543640000000011
20
-60.8775059999999968
11
86.0958380000000005
21
-60.8775059999999968
0
LINE
8
F.Cu
6
CONTINUOUS
10
86.0958380000000005
20
-60.8775059999999968
11
86.0417659999999955
21
-60.8551089999999988
0
LINE
8
F.Cu
6
CONTINUOUS
10
86.0417659999999955
20
-60.8551089999999988
11
86.0190350000000024
21
-60.8364539999999963
0
LINE
8
F.Cu
6
CONTINUOUS
10
86.0190350000000024
20
-60.8364539999999963
11
85.7008359999999954
21
-60.5182549999999964
0
LINE
8
F.Cu
6
CONTINUOUS
10
85.7008359999999954
20
-60.5182549999999964
11
85.2462670000000031
21
-60.9728239999999957
0
LINE
8
F.Cu
6
CONTINUOUS
10
85.2462670000000031
20
-60.9728239999999957
11
85.7462929999999943
21
-61.472849999999994
0
LINE
8
F.Cu
6
CONTINUOUS
10
85.7462929999999943
20
-61.472849999999994
11
85.7649479999999897
21
-61.4955809999999943
0
LINE
8
F.Cu
6
CONTINUOUS
10
85.7649479999999897
20
-61.4955809999999943
11
85.787345000000002
21
-61.5496529999999993
0
LINE
8
F.Cu
6
CONTINUOUS
10
85.787345000000002
20
-61.5496529999999993
11
85.787345000000002
21
-61.6081789999999998
0
LINE
8
F.Cu
6
CONTINUOUS
10
85.787345000000002
20
-61.6081789999999998
11
85.7649479999999897
21
-61.6622519999999952
0
LINE
8
F.Cu
6
CONTINUOUS
10
85.7649479999999897
20
-61.6622519999999952
11
85.7235620000000011
21
-61.7036370000000005
0
LINE
8
F.Cu
6
CONTINUOUS
10
85.7235620000000011
20
-61.7036370000000005
11
85.6694899999999961
21
-61.7260339999999985
0
LINE
8
F.Cu
6
CONTINUOUS
10
85.6694899999999961
20
-61.7260339999999985
11
85.6109639999999956
21
-61.7260339999999985
0
LINE
8
F.Cu
6
CONTINUOUS
10
85.6109639999999956
20
-61.7260339999999985
11
85.5568919999999906
21
-61.7036370000000005
0
LINE
8
F.Cu
6
CONTINUOUS
10
85.5568919999999906
20
-61.7036370000000005
11
85.5341609999999974
21
-61.684981999999998
0
LINE
8
F.Cu
6
CONTINUOUS
10
85.5341609999999974
20
-61.684981999999998
11
84.9280699999999911
21
-61.0788899999999941
0
LINE
8
F.Cu
6
CONTINUOUS
10
84.9280699999999911
20
-61.0788899999999941
11
84.9094149999999956
21
-61.0561589999999939
0
LINE
8
F.Cu
6
CONTINUOUS
10
84.9094149999999956
20
-61.0561589999999939
11
84.8870179999999976
21
-61.002086999999996
0
LINE
8
F.Cu
6
CONTINUOUS
10
84.8870179999999976
20
-61.002086999999996
11
84.8870179999999976
21
-60.9435609999999954
0
LINE
8
F.Cu
6
CONTINUOUS
10
84.8870179999999976
20
-60.9435609999999954
11
84.9094149999999956
21
-60.8894889999999975
0
LINE
8
F.Cu
6
CONTINUOUS
10
84.9094149999999956
20
-60.8894889999999975
11
84.9280699999999911
21
-60.8667579999999973
0
LINE
8
F.Cu
6
CONTINUOUS
10
84.9280699999999911
20
-60.8667579999999973
11
86.2008620000000008
21
-59.5939659999999947
0
LINE
8
F.Cu
6
CONTINUOUS
10
86.2008620000000008
20
-59.5939659999999947
11
86.2235929999999939
21
-59.5753109999999992
0
LINE
8
F.Cu
6
CONTINUOUS
10
86.2235929999999939
20
-59.5753109999999992
11
86.2776649999999989
21
-59.5529139999999941
0
LINE
8
F.Cu
6
CONTINUOUS
10
86.2776649999999989
20
-59.5529139999999941
11
86.3361909999999995
21
-59.5529139999999941
0
LINE
8
F.Cu
6
CONTINUOUS
10
86.3361909999999995
20
-59.5529139999999941
11
86.3902640000000019
21
-59.5753109999999992
0
LINE
8
F.Cu
6
CONTINUOUS
10
107.8350189999999884
20
-54.7400749999999974
11
108.0161310000000014
21
-54.8150939999999949
0
LINE
8
F.Cu
6
CONTINUOUS
10
108.0161310000000014
20
-54.8150939999999949
11
108.179126999999994
21
-54.924004999999994
0
LINE
8
F.Cu
6
CONTINUOUS
10
108.179126999999994
20
-54.924004999999994
11
108.3177439999999905
21
-55.0626219999999975
0
LINE
8
F.Cu
6
CONTINUOUS
10
108.3177439999999905
20
-55.0626219999999975
11
108.4266549999999967
21
-55.2256179999999972
0
LINE
8
F.Cu
6
CONTINUOUS
10
108.4266549999999967
20
-55.2256179999999972
11
108.5016739999999942
21
-55.406729999999996
0
LINE
8
F.Cu
6
CONTINUOUS
10
108.5016739999999942
20
-55.406729999999996
11
108.5399189999999976
21
-55.5989979999999946
0
LINE
8
F.Cu
6
CONTINUOUS
10
108.5399189999999976
20
-55.5989979999999946
11
108.5399189999999976
21
-55.7950319999999991
0
LINE
8
F.Cu
6
CONTINUOUS
10
108.5399189999999976
20
-55.7950319999999991
11
108.5016739999999942
21
-55.9872999999999976
0
LINE
8
F.Cu
6
CONTINUOUS
10
108.5016739999999942
20
-55.9872999999999976
11
108.4266549999999967
21
-56.1684119999999965
0
LINE
8
F.Cu
6
CONTINUOUS
10
108.4266549999999967
20
-56.1684119999999965
11
108.3177439999999905
21
-56.3314079999999962
0
LINE
8
F.Cu
6
CONTINUOUS
10
108.3177439999999905
20
-56.3314079999999962
11
108.179126999999994
21
-56.4700249999999997
0
LINE
8
F.Cu
6
CONTINUOUS
10
108.179126999999994
20
-56.4700249999999997
11
108.0161310000000014
21
-56.5789359999999988
0
LINE
8
F.Cu
6
CONTINUOUS
10
108.0161310000000014
20
-56.5789359999999988
11
107.8350189999999884
21
-56.6539549999999963
0
LINE
8
F.Cu
6
CONTINUOUS
10
107.8350189999999884
20
-56.6539549999999963
11
107.6427509999999899
21
-56.6921999999999997
0
LINE
8
F.Cu
6
CONTINUOUS
10
107.6427509999999899
20
-56.6921999999999997
11
107.4467169999999925
21
-56.6921999999999997
0
LINE
8
F.Cu
6
CONTINUOUS
10
107.4467169999999925
20
-56.6921999999999997
11
107.2544489999999939
21
-56.6539549999999963
0
LINE
8
F.Cu
6
CONTINUOUS
10
107.2544489999999939
20
-56.6539549999999963
11
107.0733369999999951
21
-56.5789359999999988
0
LINE
8
F.Cu
6
CONTINUOUS
10
107.0733369999999951
20
-56.5789359999999988
11
106.9103409999999883
21
-56.4700249999999997
0
LINE
8
F.Cu
6
CONTINUOUS
10
106.9103409999999883
20
-56.4700249999999997
11
106.7717239999999919
21
-56.3314079999999962
0
LINE
8
F.Cu
6
CONTINUOUS
10
106.7717239999999919
20
-56.3314079999999962
11
106.6628129999999999
21
-56.1684119999999965
0
LINE
8
F.Cu
6
CONTINUOUS
10
106.6628129999999999
20
-56.1684119999999965
11
106.5877939999999882
21
-55.9872999999999976
0
LINE
8
F.Cu
6
CONTINUOUS
10
106.5877939999999882
20
-55.9872999999999976
11
106.5698349999999976
21
-55.8970149999999961
0
LINE
8
F.Cu
6
CONTINUOUS
10
106.5698349999999976
20
-55.8970149999999961
11
105.0075760000000002
21
-55.8970149999999961
0
LINE
8
F.Cu
6
CONTINUOUS
10
105.0075760000000002
20
-55.8970149999999961
11
103.8747339999999895
21
-57.0298569999999998
0
LINE
8
F.Cu
6
CONTINUOUS
10
103.8747339999999895
20
-57.0298569999999998
11
103.8747339999999895
21
-57.4250520000000009
0
LINE
8
F.Cu
6
CONTINUOUS
10
103.8747339999999895
20
-57.4250520000000009
11
103.9069619999999929
21
-57.4314630000000008
0
LINE
8
F.Cu
6
CONTINUOUS
10
103.9069619999999929
20
-57.4314630000000008
11
104.0518509999999992
21
-57.4914780000000007
0
LINE
8
F.Cu
6
CONTINUOUS
10
104.0518509999999992
20
-57.4914780000000007
11
104.1822489999999988
21
-57.5786069999999981
0
LINE
8
F.Cu
6
CONTINUOUS
10
104.1822489999999988
20
-57.5786069999999981
11
104.2931419999999889
21
-57.6894999999999953
0
LINE
8
F.Cu
6
CONTINUOUS
10
104.2931419999999889
20
-57.6894999999999953
11
104.3802709999999934
21
-57.8198979999999949
0
LINE
8
F.Cu
6
CONTINUOUS
10
104.3802709999999934
20
-57.8198979999999949
11
104.4402860000000004
21
-57.9647869999999941
0
LINE
8
F.Cu
6
CONTINUOUS
10
104.4402860000000004
20
-57.9647869999999941
11
104.4708819999999889
21
-58.1186009999999982
0
LINE
8
F.Cu
6
CONTINUOUS
10
104.4708819999999889
20
-58.1186009999999982
11
104.4708819999999889
21
-58.2754289999999955
0
LINE
8
F.Cu
6
CONTINUOUS
10
104.4708819999999889
20
-58.2754289999999955
11
104.4402860000000004
21
-58.4292429999999996
0
LINE
8
F.Cu
6
CONTINUOUS
10
104.4402860000000004
20
-58.4292429999999996
11
104.3802709999999934
21
-58.5741319999999988
0
LINE
8
F.Cu
6
CONTINUOUS
10
104.3802709999999934
20
-58.5741319999999988
11
104.2931419999999889
21
-58.7045299999999983
0
LINE
8
F.Cu
6
CONTINUOUS
10
104.2931419999999889
20
-58.7045299999999983
11
104.1822489999999988
21
-58.8154229999999956
0
LINE
8
F.Cu
6
CONTINUOUS
10
104.1822489999999988
20
-58.8154229999999956
11
104.0518509999999992
21
-58.902552
0
LINE
8
F.Cu
6
CONTINUOUS
10
104.0518509999999992
20
-58.902552
11
103.9069619999999929
21
-58.962567
0
LINE
8
F.Cu
6
CONTINUOUS
10
103.9069619999999929
20
-58.962567
11
103.7531479999999959
21
-58.9931629999999956
0
LINE
8
F.Cu
6
CONTINUOUS
10
103.7531479999999959
20
-58.9931629999999956
11
103.5963199999999915
21
-58.9931629999999956
0
LINE
8
F.Cu
6
CONTINUOUS
10
103.5963199999999915
20
-58.9931629999999956
11
103.4425059999999945
21
-58.962567
0
LINE
8
F.Cu
6
CONTINUOUS
10
103.4425059999999945
20
-58.962567
11
103.2976169999999883
21
-58.902552
0
LINE
8
F.Cu
6
CONTINUOUS
10
103.2976169999999883
20
-58.902552
11
103.1672189999999887
21
-58.8154229999999956
0
LINE
8
F.Cu
6
CONTINUOUS
10
103.1672189999999887
20
-58.8154229999999956
11
103.0563259999999985
21
-58.7045299999999983
0
LINE
8
F.Cu
6
CONTINUOUS
10
103.0563259999999985
20
-58.7045299999999983
11
102.9691969999999941
21
-58.5741319999999988
0
LINE
8
F.Cu
6
CONTINUOUS
10
102.9691969999999941
20
-58.5741319999999988
11
102.9091820000000013
21
-58.4292429999999996
0
LINE
8
F.Cu
6
CONTINUOUS
10
102.9091820000000013
20
-58.4292429999999996
11
102.8785859999999985
21
-58.2754289999999955
0
LINE
8
F.Cu
6
CONTINUOUS
10
102.8785859999999985
20
-58.2754289999999955
11
102.8785859999999985
21
-58.1186009999999982
0
LINE
8
F.Cu
6
CONTINUOUS
10
102.8785859999999985
20
-58.1186009999999982
11
102.9091820000000013
21
-57.9647869999999941
0
LINE
8
F.Cu
6
CONTINUOUS
10
102.9091820000000013
20
-57.9647869999999941
11
102.9691969999999941
21
-57.8198979999999949
0
LINE
8
F.Cu
6
CONTINUOUS
10
102.9691969999999941
20
-57.8198979999999949
11
103.0563259999999985
21
-57.6894999999999953
0
LINE
8
F.Cu
6
CONTINUOUS
10
103.0563259999999985
20
-57.6894999999999953
11
103.1672189999999887
21
-57.5786069999999981
0
LINE
8
F.Cu
6
CONTINUOUS
10
103.1672189999999887
20
-57.5786069999999981
11
103.2976169999999883
21
-57.4914780000000007
0
LINE
8
F.Cu
6
CONTINUOUS
10
103.2976169999999883
20
-57.4914780000000007
11
103.4425059999999945
21
-57.4314630000000008
0
LINE
8
F.Cu
6
CONTINUOUS
10
103.4425059999999945
20
-57.4314630000000008
11
103.474733999999998
21
-57.4250520000000009
0
LINE
8
F.Cu
6
CONTINUOUS
10
103.474733999999998
20
-57.4250520000000009
11
103.474733999999998
21
-56.9470150000000004
0
LINE
8
F.Cu
6
CONTINUOUS
10
103.474733999999998
20
-56.9470150000000004
11
103.4785770000000014
21
-56.9079969999999946
0
LINE
8
F.Cu
6
CONTINUOUS
10
103.4785770000000014
20
-56.9079969999999946
11
103.5084399999999931
21
-56.8359009999999998
0
LINE
8
F.Cu
6
CONTINUOUS
10
103.5084399999999931
20
-56.8359009999999998
11
103.5333129999999926
21
-56.8055939999999993
0
LINE
8
F.Cu
6
CONTINUOUS
10
103.5333129999999926
20
-56.8055939999999993
11
104.7833129999999926
21
-55.5555939999999993
0
LINE
8
F.Cu
6
CONTINUOUS
10
104.7833129999999926
20
-55.5555939999999993
11
104.8136200000000002
21
-55.5307209999999998
0
LINE
8
F.Cu
6
CONTINUOUS
10
104.8136200000000002
20
-55.5307209999999998
11
104.8857160000000022
21
-55.5008580000000009
0
LINE
8
F.Cu
6
CONTINUOUS
10
104.8857160000000022
20
-55.5008580000000009
11
104.9247340000000008
21
-55.4970149999999975
0
LINE
8
F.Cu
6
CONTINUOUS
10
104.9247340000000008
20
-55.4970149999999975
11
106.5698349999999976
21
-55.4970149999999975
0
LINE
8
F.Cu
6
CONTINUOUS
10
106.5698349999999976
20
-55.4970149999999975
11
106.5877939999999882
21
-55.406729999999996
0
LINE
8
F.Cu
6
CONTINUOUS
10
106.5877939999999882
20
-55.406729999999996
11
106.6628129999999999
21
-55.2256179999999972
0
LINE
8
F.Cu
6
CONTINUOUS
10
106.6628129999999999
20
-55.2256179999999972
11
106.7717239999999919
21
-55.0626219999999975
0
LINE
8
F.Cu
6
CONTINUOUS
10
106.7717239999999919
20
-55.0626219999999975
11
106.9103409999999883
21
-54.924004999999994
0
LINE
8
F.Cu
6
CONTINUOUS
10
106.9103409999999883
20
-54.924004999999994
11
107.0733369999999951
21
-54.8150939999999949
0
LINE
8
F.Cu
6
CONTINUOUS
10
107.0733369999999951
20
-54.8150939999999949
11
107.2544489999999939
21
-54.7400749999999974
0
LINE
8
F.Cu
6
CONTINUOUS
10
107.2544489999999939
20
-54.7400749999999974
11
107.4467169999999925
21
-54.7018300000000011
0
LINE
8
F.Cu
6
CONTINUOUS
10
107.4467169999999925
20
-54.7018300000000011
11
107.6427509999999899
21
-54.7018300000000011
0
LINE
8
F.Cu
6
CONTINUOUS
10
107.6427509999999899
20
-54.7018300000000011
11
107.8350189999999884
21
-54.7400749999999974
0
CIRCLE
8
F.Cu
10
107.5447339999999912
20
-55.6970150000000004
40
0.175
0
CIRCLE
8
F.Cu
10
92.3047339999999963
20
-55.6970150000000004
40
0.175
0
LINE
8
F.Cu
6
CONTINUOUS
10
106.9147339999999957
20
-71.9970149999999904
11
107.51473399999999
21
-71.9970149999999904
0
ARC
8
F.Cu
10
107.51473399999999
20
-71.4470149999999933
40
0.5499999999999999
50
-90.00000000
51
90.00000000
0
LINE
8
F.Cu
6
CONTINUOUS
10
107.51473399999999
20
-70.8970149999999961
11
106.9147339999999957
21
-70.8970149999999961
0
ARC
8
F.Cu
10
106.9147339999999957
20
-71.4470149999999933
40
0.5499999999999999
50
90.00000000
51
270.00000000
0
LINE
8
F.Cu
6
CONTINUOUS
10
110.7147339999999929
20
-71.9970149999999904
11
111.3147340000000014
21
-71.9970149999999904
0
ARC
8
F.Cu
10
111.3147340000000014
20
-71.4470149999999933
40
0.5499999999999999
50
-90.00000000
51
90.00000000
0
LINE
8
F.Cu
6
CONTINUOUS
10
111.3147340000000014
20
-70.8970149999999961
11
110.7147339999999929
21
-70.8970149999999961
0
ARC
8
F.Cu
10
110.7147339999999929
20
-71.4470149999999933
40
0.5499999999999999
50
90.00000000
51
270.00000000
0
LINE
8
F.Cu
6
CONTINUOUS
10
106.9147339999999957
20
-63.357014999999997
11
107.51473399999999
21
-63.357014999999997
0
ARC
8
F.Cu
10
107.51473399999999
20
-62.8070149999999998
40
0.5499999999999999
50
-90.00000000
51
90.00000000
0
LINE
8
F.Cu
6
CONTINUOUS
10
107.51473399999999
20
-62.2570149999999956
11
106.9147339999999957
21
-62.2570149999999956
0
ARC
8
F.Cu
10
106.9147339999999957
20
-62.8070149999999998
40
0.5499999999999999
50
90.00000000
51
270.00000000
0
LINE
8
F.Cu
6
CONTINUOUS
10
110.7147339999999929
20
-63.357014999999997
11
111.3147340000000014
21
-63.357014999999997
0
ARC
8
F.Cu
10
111.3147340000000014
20
-62.8070149999999998
40
0.5499999999999999
50
-90.00000000
51
90.00000000
0
LINE
8
F.Cu
6
CONTINUOUS
10
111.3147340000000014
20
-62.2570149999999956
11
110.7147339999999929
21
-62.2570149999999956
0
ARC
8
F.Cu
10
110.7147339999999929
20
-62.8070149999999998
40
0.5499999999999999
50
90.00000000
51
270.00000000
0
CIRCLE
8
F.Cu
10
103.6747340000000008
20
-58.1970150000000004
40
0.4
0
CIRCLE
8
F.Cu
10
103.6747340000000008
20
-58.1970150000000004
40
0.175
0
CIRCLE
8
F.Cu
10
107.5447339999999912
20
-55.6970150000000004
40
0.175
0
CIRCLE
8
F.Cu
10
92.3047339999999963
20
-55.6970150000000004
40
0.175
0
LINE
8
F.Cu
6
CONTINUOUS
10
106.9147339999999957
20
-71.7470149999999904
11
107.51473399999999
21
-71.7470149999999904
0
ARC
8
F.Cu
10
107.51473399999999
20
-71.4470149999999933
40
0.3
50
-90.00000000
51
90.00000000
0
LINE
8
F.Cu
6
CONTINUOUS
10
107.51473399999999
20
-71.1470149999999961
11
106.9147339999999957
21
-71.1470149999999961
0
ARC
8
F.Cu
10
106.9147339999999957
20
-71.4470149999999933
40
0.3
50
90.00000000
51
270.00000000
0
LINE
8
F.Cu
6
CONTINUOUS
10
110.7147339999999929
20
-71.7470149999999904
11
111.3147340000000014
21
-71.7470149999999904
0
ARC
8
F.Cu
10
111.3147340000000014
20
-71.4470149999999933
40
0.3
50
-90.00000000
51
90.00000000
0
LINE
8
F.Cu
6
CONTINUOUS
10
111.3147340000000014
20
-71.1470149999999961
11
110.7147339999999929
21
-71.1470149999999961
0
ARC
8
F.Cu
10
110.7147339999999929
20
-71.4470149999999933
40
0.3
50
90.00000000
51
270.00000000
0
LINE
8
F.Cu
6
CONTINUOUS
10
106.9147339999999957
20
-63.107014999999997
11
107.51473399999999
21
-63.107014999999997
0
ARC
8
F.Cu
10
107.51473399999999
20
-62.8070149999999998
40
0.3
50
-90.00000000
51
90.00000000
0
LINE
8
F.Cu
6
CONTINUOUS
10
107.51473399999999
20
-62.5070149999999956
11
106.9147339999999957
21
-62.5070149999999956
0
ARC
8
F.Cu
10
106.9147339999999957
20
-62.8070149999999998
40
0.3
50
90.00000000
51
270.00000000
0
LINE
8
F.Cu
6
CONTINUOUS
10
110.7147339999999929
20
-63.107014999999997
11
111.3147340000000014
21
-63.107014999999997
0
ARC
8
F.Cu
10
111.3147340000000014
20
-62.8070149999999998
40
0.3
50
-90.00000000
51
90.00000000
0
LINE
8
F.Cu
6
CONTINUOUS
10
111.3147340000000014
20
-62.5070149999999956
11
110.7147339999999929
21
-62.5070149999999956
0
ARC
8
F.Cu
10
110.7147339999999929
20
-62.8070149999999998
40
0.3
50
90.00000000
51
270.00000000
  0
ENDSEC
  0
EOF
